id;title;age_range;audit_status;audit_categories;audit_issues;correction_status;correction_log;safety_note;readiness_note;source_role
A001;Kontrasztkártya oldalra fordulással;0-3 hó;Forráshivatkozás tisztázandó;FORRÁS SZEREPE;"A hivatkozás között kereskedelmi vagy pedagógiai ötletforrás van; ez nem igazolja az életkori besorolást és a kártyán leírt várható viselkedést. A fő oldalon ezt külön kell jelölni.";Pontosítva;A kereskedelmi/pedagógiai hivatkozást a felületen ötletforrásként címkézzük.;;;"LOVEVERY_LOOKER: Pedagógiai/kereskedelmi ötletforrás | MOVEMENT_META: Kapcsolódó általános forrás; nem az adott játék hatásának igazolása | TUMMY_REVIEW_2020: Kapcsolódó általános forrás; nem az adott játék hatásának igazolása | WHO_24H_2019: Kapcsolódó általános forrás; nem az adott játék hatásának igazolása | AAP_SLEEP_2022: Kapcsolódó általános forrás; nem az adott játék hatásának igazolása"
A002;Kontrasztos forma rövid nézegetése;0-3 hó;Biztonsági pontosítás szükséges;"BIZTONSÁG; FORRÁS SZEREPE";"Függő mobil szerepel: a rögzítés, az elérhetőség és az alvóhelyen való használat nincs elég pontosan körülhatárolva. Ne lógjon a baba által elérhető helyen; alváshoz ne maradjon ott. | A hivatkozás között kereskedelmi vagy pedagógiai ötletforrás van; ez nem igazolja az életkori besorolást és a kártyán leírt várható viselkedést. A fő oldalon ezt külön kell jelölni.";Pontosítva;A kereskedelmi/pedagógiai hivatkozást a felületen ötletforrásként címkézzük. | Az eredeti eszköz vagy leírás biztonságosabb változatra cserélődött. | Az eredeti eszközváltozat URL-jét eltávolítottuk, mert nem igazolná a javított változatot.;;;"LOVEVERY_LOOKER: Pedagógiai/kereskedelmi ötletforrás | A korábbi eszközváltozat közvetlen URL-jét eltávolítottuk; a felsorolt ID-k legfeljebb általános kontextust adnak."
A003;Csörgő hangjának keresése;0-3 hó;Forráshivatkozás tisztázandó;FORRÁS SZEREPE;"A hivatkozás között kereskedelmi vagy pedagógiai ötletforrás van; ez nem igazolja az életkori besorolást és a kártyán leírt várható viselkedést. A fő oldalon ezt külön kell jelölni.";Pontosítva;A kereskedelmi/pedagógiai hivatkozást a felületen ötletforrásként címkézzük.;;;LOVEVERY_LOOKER: Pedagógiai/kereskedelmi ötletforrás
A004;Csupasz kéz megfigyelése;0-3 hó;Forráshivatkozás tisztázandó;"FORRÁS SZEREPE; FORRÁSEGYEZTETÉS";"A hivatkozás között kereskedelmi vagy pedagógiai ötletforrás van; ez nem igazolja az életkori besorolást és a kártyán leírt várható viselkedést. A fő oldalon ezt külön kell jelölni. | A v1.6-ban a veszélyes eredeti eszközöket lecseréltük; a korábbi forráslink és cél szövege már nem biztosan a jelenlegi változatra vonatkozik.";Pontosítva;A lecserélt eszközre már nem illő régi konkrét hivatkozást eltávolítottuk. | A kereskedelmi/pedagógiai hivatkozást a felületen ötletforrásként címkézzük.;;;
A005;Arcnézés és közös hangadás;0-3 hó;Tartalmi pontosítás szükséges;ÁLLÍTÁS;"Az újszülött mimikai utánzása vitatott terület; az arc nézése lehet kapcsolódás, az utánzást nem érdemes várható készségként vagy kötődésjelzőként figyelni.";Pontosítva;A vitatott újszülöttkori mimikai utánzást kivettük a célból és a megfigyelésből.;;;"PARENTING_META: Kapcsolódó általános forrás; nem az adott játék hatásának igazolása"
A006;Hason fekvés mellkason;0-3 hó;Biztonsági pontosítás szükséges;BIZTONSÁG;"A szülő mellkasán hason fekvés csak éber, felügyelt helyzetben biztonságos; ha a felnőtt elálmosodik, a helyzetet meg kell szakítani.";Pontosítva;A hiányzó konkrét biztonsági feltételt a lépésekhez és külön figyelmeztetéshez adtuk.;"Csak akkor próbáljátok, amikor a felnőtt teljesen éber; ha elálmosodik, tegye a babát a saját biztonságos alvóhelyére, a hátára.";;"MOVEMENT_META: Kapcsolódó általános forrás; nem az adott játék hatásának igazolása | TUMMY_REVIEW_2020: Kapcsolódó általános forrás; nem az adott játék hatásának igazolása | WHO_24H_2019: Kapcsolódó általános forrás; nem az adott játék hatásának igazolása | AAP_SLEEP_2022: Kapcsolódó általános forrás; nem az adott játék hatásának igazolása"
A007;Textúrák kézzel, a gondozó jelenlétében;0-3 hó;Forráshivatkozás tisztázandó;"FORRÁS SZEREPE; FORRÁSEGYEZTETÉS";"A hivatkozás között kereskedelmi vagy pedagógiai ötletforrás van; ez nem igazolja az életkori besorolást és a kártyán leírt várható viselkedést. A fő oldalon ezt külön kell jelölni. | A v1.6-ban a veszélyes eredeti eszközöket lecseréltük; a korábbi forráslink és cél szövege már nem biztosan a jelenlegi változatra vonatkozik.";Pontosítva;A lecserélt eszközre már nem illő régi konkrét hivatkozást eltávolítottuk. | A kereskedelmi/pedagógiai hivatkozást a felületen ötletforrásként címkézzük.;;;
A008;Dal ugyanabban a rutinban;0-3 hó;Nincs külön jelölt probléma;;;Nincs célzott módosítás;Az első körben nem volt célzott javítás.;;;"PARENTING_META: Kapcsolódó általános forrás; nem az adott játék hatásának igazolása"
A009;Oldalra forduló mozgás ébren;0-3 hó;Forráshivatkozás tisztázandó;FORRÁSEGYEZTETÉS;"A v1.6-ban a veszélyes eredeti eszközöket lecseréltük; a korábbi forráslink és cél szövege már nem biztosan a jelenlegi változatra vonatkozik.";Pontosítva;A lecserélt eszközre már nem illő régi konkrét hivatkozást eltávolítottuk.;;;
A010;Kinti fény-árnyék figyelés;0-3 hó;Forráshivatkozás tisztázandó;FORRÁS SZEREPE;"A hivatkozás között kereskedelmi vagy pedagógiai ötletforrás van; ez nem igazolja az életkori besorolást és a kártyán leírt várható viselkedést. A fő oldalon ezt külön kell jelölni.";Pontosítva;A kereskedelmi/pedagógiai hivatkozást a felületen ötletforrásként címkézzük.;;;PARENTS_SUBS2: Pedagógiai/kereskedelmi ötletforrás
A011;Rövid babamasszázs testrésznévvel;0-3 hó;Nincs külön jelölt probléma;;;Nincs célzott módosítás;Az első körben nem volt célzott javítás.;;;"PARENTING_META: Kapcsolódó általános forrás; nem az adott játék hatásának igazolása"
A012;Hasi idő könyvvel;0-3 hó;Tartalmi pontosítás szükséges;"ÉLETKORI ILLESZKEDÉS; FORRÁS SZEREPE";"A hason fekvő vagy gurulást célzó leírás készséget feltételezhet; a baba aktuális testhelyzetéhez és terhelhetőségéhez kell igazítani, nem szabad a mozgást sürgetni. | A hivatkozás között kereskedelmi vagy pedagógiai ötletforrás van; ez nem igazolja az életkori besorolást és a kártyán leírt várható viselkedést. A fő oldalon ezt külön kell jelölni.";Pontosítva;"Az életkori besorolásból nem lesz képességmérce; a megfigyelési és nehezítési mondatot átfogalmaztuk. | A kereskedelmi/pedagógiai hivatkozást a felületen ötletforrásként címkézzük. | A hiányzó konkrét biztonsági feltételt a lépésekhez és külön figyelmeztetéshez adtuk.";"Hason csak ébren, folyamatos felügyelettel; fáradásnál váltsatok testhelyzetet. Alváshoz hátra fektetés.";"A megadott kor csak keresési támpont. Kínáld fel, ha a gyermek érdeklődik és a szükséges előkészségek már megvannak; a feladat teljesítése nem életkori elvárás.";"LOVEVERY_LOOKER: Pedagógiai/kereskedelmi ötletforrás | BOOK_READING_META: Kapcsolódó általános forrás; nem az adott játék hatásának igazolása"
A013;Elérhető csörgő oldalról;3-6 hó;Forráshivatkozás tisztázandó;FORRÁS SZEREPE;"A hivatkozás között kereskedelmi vagy pedagógiai ötletforrás van; ez nem igazolja az életkori besorolást és a kártyán leírt várható viselkedést. A fő oldalon ezt külön kell jelölni.";Pontosítva;A kereskedelmi/pedagógiai hivatkozást a felületen ötletforrásként címkézzük.;;;"LOVEVERY_LOOKER: Pedagógiai/kereskedelmi ötletforrás | MOVEMENT_META: Kapcsolódó általános forrás; nem az adott játék hatásának igazolása"
A014;Nagy lapozófül felfedezése;3-6 hó;Biztonsági pontosítás szükséges;"BIZTONSÁG; FORRÁS SZEREPE";"Kendő/textil kerül a csecsemő közelébe; ne takarja az arcát, ne hagyjátok vele egyedül, és ne kerüljön az alvóhelyére. | A hivatkozás között kereskedelmi vagy pedagógiai ötletforrás van; ez nem igazolja az életkori besorolást és a kártyán leírt várható viselkedést. A fő oldalon ezt külön kell jelölni.";Pontosítva;A kereskedelmi/pedagógiai hivatkozást a felületen ötletforrásként címkézzük. | Az eredeti eszköz vagy leírás biztonságosabb változatra cserélődött. | Az eredeti eszközváltozat URL-jét eltávolítottuk, mert nem igazolná a javított változatot.;;;"LOVEVERY_BABBLER: Pedagógiai/kereskedelmi ötletforrás | GUIDED_PLAY_META: Kapcsolódó általános forrás; nem az adott játék hatásának igazolása | A korábbi eszközváltozat közvetlen URL-jét eltávolítottuk; a felsorolt ID-k legfeljebb általános kontextust adnak."
A015;Guruló labda követése hason;3-6 hó;Tartalmi pontosítás szükséges;ÉLETKORI ILLESZKEDÉS;"A hason fekvő vagy gurulást célzó leírás készséget feltételezhet; a baba aktuális testhelyzetéhez és terhelhetőségéhez kell igazítani, nem szabad a mozgást sürgetni.";Pontosítva;"Az életkori besorolásból nem lesz képességmérce; a megfigyelési és nehezítési mondatot átfogalmaztuk. | A hiányzó konkrét biztonsági feltételt a lépésekhez és külön figyelmeztetéshez adtuk.";"Hason csak ébren, felügyelettel; a labda nagyméretű és egyben maradó legyen.";"A megadott kor csak keresési támpont. Kínáld fel, ha a gyermek érdeklődik és a szükséges előkészségek már megvannak; a feladat teljesítése nem életkori elvárás.";"MOVEMENT_META: Kapcsolódó általános forrás; nem az adott játék hatásának igazolása | TUMMY_REVIEW_2020: Kapcsolódó általános forrás; nem az adott játék hatásának igazolása | WHO_24H_2019: Kapcsolódó általános forrás; nem az adott játék hatásának igazolása | AAP_SLEEP_2022: Kapcsolódó általános forrás; nem az adott játék hatásának igazolása"
A016;Szájbarát rágóka-kosár;3-6 hó;Forráshivatkozás tisztázandó;FORRÁS SZEREPE;"A hivatkozás között kereskedelmi vagy pedagógiai ötletforrás van; ez nem igazolja az életkori besorolást és a kártyán leírt várható viselkedést. A fő oldalon ezt külön kell jelölni.";Pontosítva;A kereskedelmi/pedagógiai hivatkozást a felületen ötletforrásként címkézzük.;;;PARENTS_SUBS2: Pedagógiai/kereskedelmi ötletforrás
A017;Tükrös arcfigyelés;3-6 hó;Tartalmi pontosítás szükséges;ÉLETKORI ILLESZKEDÉS;"A hason fekvő vagy gurulást célzó leírás készséget feltételezhet; a baba aktuális testhelyzetéhez és terhelhetőségéhez kell igazítani, nem szabad a mozgást sürgetni.";Pontosítva;"Az életkori besorolásból nem lesz képességmérce; a megfigyelési és nehezítési mondatot átfogalmaztuk. | A hiányzó konkrét biztonsági feltételt a lépésekhez és külön figyelmeztetéshez adtuk.";"A tükör sérülésmentes, törhetetlen és stabilan elhelyezett legyen; ne maradjon a baba alvóhelyén.";"A megadott kor csak keresési támpont. Kínáld fel, ha a gyermek érdeklődik és a szükséges előkészségek már megvannak; a feladat teljesítése nem életkori elvárás.";"PARENTING_META: Kapcsolódó általános forrás; nem az adott játék hatásának igazolása"
A018;Lábmozgás megfigyelése;3-6 hó;Biztonsági pontosítás szükséges;"BIZTONSÁG; FORRÁS SZEREPE";"A csörgőzokni hangadó része leválhat; csak ellenőrzött, korosztálynak megfelelő terméket használjatok, és ne maradjon felügyelet nélkül. | A hivatkozás között kereskedelmi vagy pedagógiai ötletforrás van; ez nem igazolja az életkori besorolást és a kártyán leírt várható viselkedést. A fő oldalon ezt külön kell jelölni.";Pontosítva;A kereskedelmi/pedagógiai hivatkozást a felületen ötletforrásként címkézzük. | Az eredeti eszköz vagy leírás biztonságosabb változatra cserélődött. | Az eredeti eszközváltozat URL-jét eltávolítottuk, mert nem igazolná a javított változatot.;;;"PARENTS_SUBS2: Pedagógiai/kereskedelmi ötletforrás | A korábbi eszközváltozat közvetlen URL-jét eltávolítottuk; a felsorolt ID-k legfeljebb általános kontextust adnak."
A019;Kukucs az arcoddal;3-6 hó;Biztonsági pontosítás szükséges;BIZTONSÁG;"Kendő/textil kerül a csecsemő közelébe; ne takarja az arcát, ne hagyjátok vele egyedül, és ne kerüljön az alvóhelyére.";Pontosítva;Az eredeti eszköz vagy leírás biztonságosabb változatra cserélődött. | Az eredeti eszközváltozat URL-jét eltávolítottuk, mert nem igazolná a javított változatot.;;;"BOOK_READING_META: Kapcsolódó általános forrás; nem az adott játék hatásának igazolása | PARENTING_META: Kapcsolódó általános forrás; nem az adott játék hatásának igazolása | A korábbi eszközváltozat közvetlen URL-jét eltávolítottuk; a felsorolt ID-k legfeljebb általános kontextust adnak."
A020;Két tárgy közötti választás;3-6 hó;Nincs külön jelölt probléma;;;Nincs célzott módosítás;Az első körben nem volt célzott javítás.;;;"LILLARD_BOOK: Kapcsolódó általános forrás; nem az adott játék hatásának igazolása | SELF_DRIVEN: Kapcsolódó általános forrás; nem az adott játék hatásának igazolása"
A021;Gurulásra hívó játék oldalt;3-6 hó;Tartalmi pontosítás szükséges;ÉLETKORI ILLESZKEDÉS;"A hason fekvő vagy gurulást célzó leírás készséget feltételezhet; a baba aktuális testhelyzetéhez és terhelhetőségéhez kell igazítani, nem szabad a mozgást sürgetni.";Pontosítva;"Az életkori besorolásból nem lesz képességmérce; a megfigyelési és nehezítési mondatot átfogalmaztuk. | A hiányzó konkrét biztonsági feltételt a lépésekhez és külön figyelmeztetéshez adtuk.";"Ne tereld erővel a gurulást; a tárgy elérhető, nagy és nem lenyelhető legyen.";"A megadott kor csak keresési támpont. Kínáld fel, ha a gyermek érdeklődik és a szükséges előkészségek már megvannak; a feladat teljesítése nem életkori elvárás.";"MOVEMENT_META: Kapcsolódó általános forrás; nem az adott játék hatásának igazolása"
A022;Fürdős fröcskölés megfigyeléssel;3-6 hó;Biztonsági pontosítás szükséges;"BIZTONSÁG; FORRÁS SZEREPE";"Víz szerepel a játékban: az eredeti lépések nem írják le elég konkrétan a folyamatos, közeli felügyeletet és a víz azonnali kiürítését. A vizes játék opcionális. | A hivatkozás között kereskedelmi vagy pedagógiai ötletforrás van; ez nem igazolja az életkori besorolást és a kártyán leírt várható viselkedést. A fő oldalon ezt külön kell jelölni.";Pontosítva;A kereskedelmi/pedagógiai hivatkozást a felületen ötletforrásként címkézzük. | A hiányzó konkrét biztonsági feltételt a lépésekhez és külön figyelmeztetéshez adtuk.;Fürdéskor a felnőtt karnyújtásnyira figyel, a babát egy pillanatra sem hagyja egyedül a vízben. Fürdés után ürítsd ki a vizet.;;MONTESSORI_ACADEMY: Pedagógiai/kereskedelmi ötletforrás
A023;Közös könyvnézés élő beszélgetéssel;3-6 hó;Tartalmi pontosítás szükséges;PEDAGÓGIAI ELŐFELTEVÉS;"A cím szembeállítja a hangos könyvet az élő hanggal; az élő beszélgetés értékes, de ez nem indokolja minden hangos könyv kizárását.";Pontosítva;A hangos könyvvel szembeállító cím megszűnt.;;;"BOOK_READING_META: Kapcsolódó általános forrás; nem az adott játék hatásának igazolása | PARENTING_META: Kapcsolódó általános forrás; nem az adott játék hatásának igazolása"
A024;Kinti textúraséta ölben;3-6 hó;Biztonsági pontosítás szükséges;"BIZTONSÁG; FORRÁS SZEREPE";"Természetes tárgyak között kavics, termés, levél vagy más szájba kerülő/irritáló darab lehet; a tárgyválasztást, a szájba vételt és a tisztaságot külön ellenőrizni kell. | A hivatkozás között kereskedelmi vagy pedagógiai ötletforrás van; ez nem igazolja az életkori besorolást és a kártyán leírt várható viselkedést. A fő oldalon ezt külön kell jelölni.";Pontosítva;A kereskedelmi/pedagógiai hivatkozást a felületen ötletforrásként címkézzük. | A hiányzó konkrét biztonsági feltételt a lépésekhez és külön figyelmeztetéshez adtuk.;"A baba ölben marad; ne adj levelet/kérget a szájába, és kerülj irritáló vagy ismeretlen növényt.";;MONTESSORI_ACADEMY: Pedagógiai/kereskedelmi ötletforrás
A025;Nagy tárgy részleges eltakarása;6-9 hó;Biztonsági pontosítás szükséges;"BIZTONSÁG; FOGALOM; FORRÁS SZEREPE";"Kendő/textil kerül a csecsemő közelébe; ne takarja az arcát, ne hagyjátok vele egyedül, és ne kerüljön az alvóhelyére. | A „tárgyállandóság” cím/értelmezés túl nagy következtetést sugall egyetlen tárgykereső vagy dobozos játékból; írjuk le a konkrét megfigyelést. | A hivatkozás között kereskedelmi vagy pedagógiai ötletforrás van; ez nem igazolja az életkori besorolást és a kártyán leírt várható viselkedést. A fő oldalon ezt külön kell jelölni.";Pontosítva;Az egyetlen játékból levont „tárgyállandóság” következtetést elhagytuk. | A kereskedelmi/pedagógiai hivatkozást a felületen ötletforrásként címkézzük. | Az eredeti eszköz vagy leírás biztonságosabb változatra cserélődött.;;;"LOVEVERY_BABBLER: Pedagógiai/kereskedelmi ötletforrás | GUIDED_PLAY_META: Kapcsolódó általános forrás; nem az adott játék hatásának igazolása"
A026;Kosárból ki-be pakolás;6-9 hó;Forráshivatkozás tisztázandó;FORRÁS SZEREPE;"A hivatkozás között kereskedelmi vagy pedagógiai ötletforrás van; ez nem igazolja az életkori besorolást és a kártyán leírt várható viselkedést. A fő oldalon ezt külön kell jelölni.";Pontosítva;A kereskedelmi/pedagógiai hivatkozást a felületen ötletforrásként címkézzük.;;;"MONTESSORI_ACADEMY: Pedagógiai/kereskedelmi ötletforrás | SPATIAL_META: Kapcsolódó általános forrás; nem az adott játék hatásának igazolása"
A027;Egyszerű labdabedobás dobozba;6-9 hó;Forráshivatkozás tisztázandó;FORRÁS SZEREPE;"A hivatkozás között kereskedelmi vagy pedagógiai ötletforrás van; ez nem igazolja az életkori besorolást és a kártyán leírt várható viselkedést. A fő oldalon ezt külön kell jelölni.";Pontosítva;A kereskedelmi/pedagógiai hivatkozást a felületen ötletforrásként címkézzük.;;;"LOVEVERY_BABBLER: Pedagógiai/kereskedelmi ötletforrás | GUIDED_PLAY_META: Kapcsolódó általános forrás; nem az adott játék hatásának igazolása"
A028;Ülő egyensúly körben tárgyakkal;6-9 hó;Tartalmi pontosítás szükséges;ÉLETKORI ILLESZKEDÉS;"Az ülő helyzetből való nyúlás stabil ülést feltételezhet; ne ültesd megtámasztva kizárólag a játék kedvéért.";Pontosítva;"Az életkori besorolásból nem lesz képességmérce; a megfigyelési és nehezítési mondatot átfogalmaztuk. | A hiányzó konkrét biztonsági feltételt a lépésekhez és külön figyelmeztetéshez adtuk.";"Csak akkor játsszatok ülve, ha önállóan stabilan ül; ne ültesd megtámasztva pusztán a feladat kedvéért.";"A megadott kor csak keresési támpont. Kínáld fel, ha a gyermek érdeklődik és a szükséges előkészségek már megvannak; a feladat teljesítése nem életkori elvárás.";"MOVEMENT_META: Kapcsolódó általános forrás; nem az adott játék hatásának igazolása"
A029;Egymásba rakható poharak;6-9 hó;Forráshivatkozás tisztázandó;FORRÁS SZEREPE;"A hivatkozás között kereskedelmi vagy pedagógiai ötletforrás van; ez nem igazolja az életkori besorolást és a kártyán leírt várható viselkedést. A fő oldalon ezt külön kell jelölni.";Pontosítva;A kereskedelmi/pedagógiai hivatkozást a felületen ötletforrásként címkézzük.;;;"PARENTS_SUBS2: Pedagógiai/kereskedelmi ötletforrás | SPATIAL_META: Kapcsolódó általános forrás; nem az adott játék hatásának igazolása"
A030;Csipesz nélküli ruhakosár pakolás;6-9 hó;Forráshivatkozás tisztázandó;FORRÁS SZEREPE;"A hivatkozás között kereskedelmi vagy pedagógiai ötletforrás van; ez nem igazolja az életkori besorolást és a kártyán leírt várható viselkedést. A fő oldalon ezt külön kell jelölni.";Pontosítva;A kereskedelmi/pedagógiai hivatkozást a felületen ötletforrásként címkézzük.;;;"MONTESSORI_ACADEMY: Pedagógiai/kereskedelmi ötletforrás | LILLARD_PRIMARY: Kapcsolódó általános forrás; nem az adott játék hatásának igazolása"
A031;Kanalak és fém tál hangjai;6-9 hó;Biztonsági pontosítás szükséges;"BIZTONSÁG; FORRÁS SZEREPE";"Fém tál/kanál éle, súlya és hangereje nincs konkretizálva; csak könnyű, tompa, sérülésmentes tárgy és közeli jelenlét mellett kínálható. | A hivatkozás között kereskedelmi vagy pedagógiai ötletforrás van; ez nem igazolja az életkori besorolást és a kártyán leírt várható viselkedést. A fő oldalon ezt külön kell jelölni.";Pontosítva;A kereskedelmi/pedagógiai hivatkozást a felületen ötletforrásként címkézzük. | A hiányzó konkrét biztonsági feltételt a lépésekhez és külön figyelmeztetéshez adtuk.;"Könnyű, sérülésmentes, tompa szélű tálat és nagy kanalat válassz; a hang ne legyen kellemetlenül erős.";;MONTESSORI_ACADEMY: Pedagógiai/kereskedelmi ötletforrás
A032;Mutogatós képeslap-kosár;6-9 hó;Nincs külön jelölt probléma;;;Nincs célzott módosítás;Az első körben nem volt célzott javítás.;;;"BOOK_READING_META: Kapcsolódó általános forrás; nem az adott játék hatásának igazolása | PARENTING_META: Kapcsolódó általános forrás; nem az adott játék hatásának igazolása"
A033;Mászást hívó alacsony akadály;6-9 hó;Biztonsági pontosítás szükséges;BIZTONSÁG;"Az akadálypálya magassága, a bútorok stabilitása és az esésveszély nincs eléggé meghatározva; a gyermek tényleges mozgáskészségéhez kell igazítani.";Pontosítva;A hiányzó konkrét biztonsági feltételt a lépésekhez és külön figyelmeztetéshez adtuk.;"Az akadály legyen alacsony, stabil és puha; ne akadályozd a szabad mozgást, ne sürgesd a mászást.";;"MOVEMENT_META: Kapcsolódó általános forrás; nem az adott játék hatásának igazolása"
A034;Nagy tárgyak vizsgálata víz nélkül;6-9 hó;Forráshivatkozás tisztázandó;"FORRÁS SZEREPE; FORRÁSEGYEZTETÉS";"A hivatkozás között kereskedelmi vagy pedagógiai ötletforrás van; ez nem igazolja az életkori besorolást és a kártyán leírt várható viselkedést. A fő oldalon ezt külön kell jelölni. | A v1.6-ban a veszélyes eredeti eszközöket lecseréltük; a korábbi forráslink és cél szövege már nem biztosan a jelenlegi változatra vonatkozik.";Pontosítva;A lecserélt eszközre már nem illő régi konkrét hivatkozást eltávolítottuk. | A kereskedelmi/pedagógiai hivatkozást a felületen ötletforrásként címkézzük.;;;
A035;Tárgycsere játék;6-9 hó;Nincs külön jelölt probléma;;;Nincs célzott módosítás;Az első körben nem volt célzott javítás.;;;"PARENTING_META: Kapcsolódó általános forrás; nem az adott játék hatásának igazolása | SELF_DRIVEN: Kapcsolódó általános forrás; nem az adott játék hatásának igazolása"
A036;Kinti levelek nézegetése;6-9 hó;Biztonsági pontosítás szükséges;"BIZTONSÁG; FORRÁS SZEREPE";"Természetes tárgyak között kavics, termés, levél vagy más szájba kerülő/irritáló darab lehet; a tárgyválasztást, a szájba vételt és a tisztaságot külön ellenőrizni kell. | A hivatkozás között kereskedelmi vagy pedagógiai ötletforrás van; ez nem igazolja az életkori besorolást és a kártyán leírt várható viselkedést. A fő oldalon ezt külön kell jelölni.";Pontosítva;A kereskedelmi/pedagógiai hivatkozást a felületen ötletforrásként címkézzük. | Az eredeti eszköz vagy leírás biztonságosabb változatra cserélődött.;;;MONTESSORI_ACADEMY: Pedagógiai/kereskedelmi ötletforrás
A037;Formabedobó nagy körrel;9-12 hó;Forráshivatkozás tisztázandó;FORRÁS SZEREPE;"A hivatkozás között kereskedelmi vagy pedagógiai ötletforrás van; ez nem igazolja az életkori besorolást és a kártyán leírt várható viselkedést. A fő oldalon ezt külön kell jelölni.";Pontosítva;A kereskedelmi/pedagógiai hivatkozást a felületen ötletforrásként címkézzük.;;;"LOVEVERY_BABBLER: Pedagógiai/kereskedelmi ötletforrás | SPATIAL_META: Kapcsolódó általános forrás; nem az adott játék hatásának igazolása"
A038;Labdagurító lejtő;9-12 hó;Biztonsági pontosítás szükséges;"BIZTONSÁG; FORRÁS SZEREPE";"Házi kartoneszköz szerepel; összecsuklás, éles szél és leváló rész lehet. Használat előtt szilárdságát és méretét ellenőrizni kell. | A hivatkozás között kereskedelmi vagy pedagógiai ötletforrás van; ez nem igazolja az életkori besorolást és a kártyán leírt várható viselkedést. A fő oldalon ezt külön kell jelölni.";Pontosítva;A kereskedelmi/pedagógiai hivatkozást a felületen ötletforrásként címkézzük. | A hiányzó konkrét biztonsági feltételt a lépésekhez és külön figyelmeztetéshez adtuk.;Stabil, nem összecsukló, éles széltől és leváló résztől mentes lejtőt, valamint nagy, nem lenyelhető labdát használj.;;LOVEVERY_BABBLER: Pedagógiai/kereskedelmi ötletforrás
A039;Gyűrűs torony szétszedése;9-12 hó;Forráshivatkozás tisztázandó;FORRÁS SZEREPE;"A hivatkozás között kereskedelmi vagy pedagógiai ötletforrás van; ez nem igazolja az életkori besorolást és a kártyán leírt várható viselkedést. A fő oldalon ezt külön kell jelölni.";Pontosítva;A kereskedelmi/pedagógiai hivatkozást a felületen ötletforrásként címkézzük.;;;"PARENTS_SUBS2: Pedagógiai/kereskedelmi ötletforrás | SPATIAL_META: Kapcsolódó általános forrás; nem az adott játék hatásának igazolása"
A040;Bújócső vagy kartondoboz alagút;9-12 hó;Biztonsági pontosítás szükséges;BIZTONSÁG;"Házi kartoneszköz szerepel; összecsuklás, éles szél és leváló rész lehet. Használat előtt szilárdságát és méretét ellenőrizni kell.";Pontosítva;A hiányzó konkrét biztonsági feltételt a lépésekhez és külön figyelmeztetéshez adtuk.;"Csak stabil, szellős, nyitott alagút jöhet szóba; a házi karton ne csukódhasson össze és ne legyen éles széle.";;"MOVEMENT_META: Kapcsolódó általános forrás; nem az adott játék hatásának igazolása"
A041;Tárgy és kép párosítás első verzió;9-12 hó;Tartalmi pontosítás szükséges;ÉLETKORI ILLESZKEDÉS;"A feladat és/vagy a „figyeld, tudja-e” kérdés a megadott életkori sávban iskolás jellegű teljesítményelvárásnak tűnhet. Az érdeklődéstől és meglévő készségtől függő, választható játékként kell átfogalmazni; a kor nem tesztküszöb.";Pontosítva;"Az életkori besorolásból nem lesz képességmérce; a megfigyelési és nehezítési mondatot átfogalmaztuk.";;"A megadott kor csak keresési támpont. Kínáld fel, ha a gyermek érdeklődik és a szükséges előkészségek már megvannak; a feladat teljesítése nem életkori elvárás.";"BOOK_READING_META: Kapcsolódó általános forrás; nem az adott játék hatásának igazolása"
A042;Edényfedő illesztés;9-12 hó;Forráshivatkozás tisztázandó;FORRÁS SZEREPE;"A hivatkozás között kereskedelmi vagy pedagógiai ötletforrás van; ez nem igazolja az életkori besorolást és a kártyán leírt várható viselkedést. A fő oldalon ezt külön kell jelölni.";Pontosítva;A kereskedelmi/pedagógiai hivatkozást a felületen ötletforrásként címkézzük.;;;"MONTESSORI_ACADEMY: Pedagógiai/kereskedelmi ötletforrás | SPATIAL_META: Kapcsolódó általános forrás; nem az adott játék hatásának igazolása"
A043;Egyszerű hangutánzó állatok;9-12 hó;Biztonsági pontosítás szükséges;BIZTONSÁG;"A figura, tüske, rúd, fedő, csengő vagy háztartási alkatrész mérete/rögzítése nincs pontosan megadva; a szájba vehető vagy leváló részt ki kell zárni, különösen kisgyermeknél.";Pontosítva;A hiányzó konkrét biztonsági feltételt a lépésekhez és külön figyelmeztetéshez adtuk.;"A kép önmagában is elegendő; ha figurát használsz, legyen egyben maradó és ne férjen a gyermek szájába.";;"BOOK_READING_META: Kapcsolódó általános forrás; nem az adott játék hatásának igazolása"
A044;Szekrényfiók biztonságos pakolása;9-12 hó;Forráshivatkozás tisztázandó;FORRÁS SZEREPE;"A hivatkozás között kereskedelmi vagy pedagógiai ötletforrás van; ez nem igazolja az életkori besorolást és a kártyán leírt várható viselkedést. A fő oldalon ezt külön kell jelölni.";Pontosítva;A kereskedelmi/pedagógiai hivatkozást a felületen ötletforrásként címkézzük.;;;"MONTESSORI_ACADEMY: Pedagógiai/kereskedelmi ötletforrás | SELF_DRIVEN: Kapcsolódó általános forrás; nem az adott játék hatásának igazolása"
A045;Vízöntés fürdőpohárral;9-12 hó;Biztonsági pontosítás szükséges;"BIZTONSÁG; FORRÁS SZEREPE";"Víz szerepel a játékban: az eredeti lépések nem írják le elég konkrétan a folyamatos, közeli felügyeletet és a víz azonnali kiürítését. A vizes játék opcionális. | A hivatkozás között kereskedelmi vagy pedagógiai ötletforrás van; ez nem igazolja az életkori besorolást és a kártyán leírt várható viselkedést. A fő oldalon ezt külön kell jelölni.";Pontosítva;A kereskedelmi/pedagógiai hivatkozást a felületen ötletforrásként címkézzük. | A hiányzó konkrét biztonsági feltételt a lépésekhez és külön figyelmeztetéshez adtuk.;"Fürdéskor a felnőtt karnyújtásnyira figyel, a gyermeket nem hagyja magára; a pohár ne törhessen és ne legyen leváló része.";;"AMS_CORE: Kapcsolódó általános forrás; nem az adott játék hatásának igazolása | MONTESSORI_ACADEMY: Pedagógiai/kereskedelmi ötletforrás"
A046;Egyszerű utánzó mozgások;9-12 hó;Nincs külön jelölt probléma;;;Nincs célzott módosítás;Az első körben nem volt célzott javítás.;;;"PARENTING_META: Kapcsolódó általános forrás; nem az adott játék hatásának igazolása"
A047;Kis akadálypálya kapaszkodással;9-12 hó;Biztonsági pontosítás szükséges;BIZTONSÁG;"Az akadálypálya magassága, a bútorok stabilitása és az esésveszély nincs eléggé meghatározva; a gyermek tényleges mozgáskészségéhez kell igazítani.";Pontosítva;A hiányzó konkrét biztonsági feltételt a lépésekhez és külön figyelmeztetéshez adtuk.;"A kanapé ne billenjen, az út akadálymentes legyen; csak a gyermek spontán mozgását kövesd, ne késztess korai járásra.";;"MOVEMENT_META: Kapcsolódó általános forrás; nem az adott játék hatásának igazolása"
A048;Első könyvválasztó kosár;9-12 hó;Nincs külön jelölt probléma;;;Nincs célzott módosítás;Az első körben nem volt célzott javítás.;;;"BOOK_READING_META: Kapcsolódó általános forrás; nem az adott játék hatásának igazolása | LILLARD_BOOK: Kapcsolódó általános forrás; nem az adott játék hatásának igazolása"
A049;Nagy korong illesztése;12-18 hó;Forráshivatkozás tisztázandó;"FORRÁS SZEREPE; FORRÁSEGYEZTETÉS";"A hivatkozás között kereskedelmi vagy pedagógiai ötletforrás van; ez nem igazolja az életkori besorolást és a kártyán leírt várható viselkedést. A fő oldalon ezt külön kell jelölni. | A v1.6-ban a veszélyes eredeti eszközöket lecseréltük; a korábbi forráslink és cél szövege már nem biztosan a jelenlegi változatra vonatkozik.";Pontosítva;A lecserélt eszközre már nem illő régi konkrét hivatkozást eltávolítottuk. | A kereskedelmi/pedagógiai hivatkozást a felületen ötletforrásként címkézzük.;;;
A050;Nagy labda gurítása lejtőn;12-18 hó;Biztonsági pontosítás szükséges;"BIZTONSÁG; FORRÁS SZEREPE";"A golyó, kupak, pompon, dugó, pálcika vagy kis tartozék mérete nincs megadva; a szájba vehető/leváló részek veszélye miatt életkornak megfelelő, egyben maradó eszközt kell választani. | A hivatkozás között kereskedelmi vagy pedagógiai ötletforrás van; ez nem igazolja az életkori besorolást és a kártyán leírt várható viselkedést. A fő oldalon ezt külön kell jelölni.";Pontosítva;A kereskedelmi/pedagógiai hivatkozást a felületen ötletforrásként címkézzük. | Az eredeti eszköz vagy leírás biztonságosabb változatra cserélődött. | Az eredeti eszközváltozat URL-jét eltávolítottuk, mert nem igazolná a javított változatot.;;;"LOVEVERY_BABBLER: Pedagógiai/kereskedelmi ötletforrás | A korábbi eszközváltozat közvetlen URL-jét eltávolítottuk; a felsorolt ID-k legfeljebb általános kontextust adnak."
A051;Egyben készült húzós játék;12-18 hó;Biztonsági pontosítás szükséges;"BIZTONSÁG; FORRÁS SZEREPE";"A madzaggal húzott doboz zsinórveszélyt jelenthet; a madzagos házi változatot ne kínáljuk ennek a korosztálynak. | A hivatkozás között kereskedelmi vagy pedagógiai ötletforrás van; ez nem igazolja az életkori besorolást és a kártyán leírt várható viselkedést. A fő oldalon ezt külön kell jelölni.";Pontosítva;A kereskedelmi/pedagógiai hivatkozást a felületen ötletforrásként címkézzük. | Az eredeti eszköz vagy leírás biztonságosabb változatra cserélődött. | Az eredeti eszközváltozat URL-jét eltávolítottuk, mert nem igazolná a javított változatot.;;;"LOVEVERY_ADVENTURER: Pedagógiai/kereskedelmi ötletforrás | MOVEMENT_META: Kapcsolódó általános forrás; nem az adott játék hatásának igazolása | A korábbi eszközváltozat közvetlen URL-jét eltávolítottuk; a felsorolt ID-k legfeljebb általános kontextust adnak."
A052;Nagy tárgyak egymásra helyezése;12-18 hó;Forráshivatkozás tisztázandó;"FORRÁS SZEREPE; FORRÁSEGYEZTETÉS";"A hivatkozás között kereskedelmi vagy pedagógiai ötletforrás van; ez nem igazolja az életkori besorolást és a kártyán leírt várható viselkedést. A fő oldalon ezt külön kell jelölni. | A v1.6-ban a veszélyes eredeti eszközöket lecseréltük; a korábbi forráslink és cél szövege már nem biztosan a jelenlegi változatra vonatkozik.";Pontosítva;A lecserélt eszközre már nem illő régi konkrét hivatkozást eltávolítottuk. | A kereskedelmi/pedagógiai hivatkozást a felületen ötletforrásként címkézzük.;;;
A053;Nagy elemek behelyezése;12-18 hó;Biztonsági pontosítás szükséges;"BIZTONSÁG; FORRÁS SZEREPE";"A figura, tüske, rúd, fedő, csengő vagy háztartási alkatrész mérete/rögzítése nincs pontosan megadva; a szájba vehető vagy leváló részt ki kell zárni, különösen kisgyermeknél. | A hivatkozás között kereskedelmi vagy pedagógiai ötletforrás van; ez nem igazolja az életkori besorolást és a kártyán leírt várható viselkedést. A fő oldalon ezt külön kell jelölni.";Pontosítva;A kereskedelmi/pedagógiai hivatkozást a felületen ötletforrásként címkézzük. | Az eredeti eszköz vagy leírás biztonságosabb változatra cserélődött. | Az eredeti eszközváltozat URL-jét eltávolítottuk, mert nem igazolná a javított változatot.;;;"LOVEVERY_ADVENTURER: Pedagógiai/kereskedelmi ötletforrás | SPATIAL_META: Kapcsolódó általános forrás; nem az adott játék hatásának igazolása | A korábbi eszközváltozat közvetlen URL-jét eltávolítottuk; a felsorolt ID-k legfeljebb általános kontextust adnak."
A054;Egylépéses utasítások poharakkal;12-18 hó;Tartalmi pontosítás szükséges;"ÉLETKORI ILLESZKEDÉS; FORRÁS SZEREPE";"A feladat és/vagy a „figyeld, tudja-e” kérdés a megadott életkori sávban iskolás jellegű teljesítményelvárásnak tűnhet. Az érdeklődéstől és meglévő készségtől függő, választható játékként kell átfogalmazni; a kor nem tesztküszöb. | A hivatkozás között kereskedelmi vagy pedagógiai ötletforrás van; ez nem igazolja az életkori besorolást és a kártyán leírt várható viselkedést. A fő oldalon ezt külön kell jelölni.";Pontosítva;"Az életkori besorolásból nem lesz képességmérce; a megfigyelési és nehezítési mondatot átfogalmaztuk. | A kereskedelmi/pedagógiai hivatkozást a felületen ötletforrásként címkézzük.";;"A megadott kor csak keresési támpont. Kínáld fel, ha a gyermek érdeklődik és a szükséges előkészségek már megvannak; a feladat teljesítése nem életkori elvárás.";"LOVEVERY_ADVENTURER: Pedagógiai/kereskedelmi ötletforrás | PARENTING_META: Kapcsolódó általános forrás; nem az adott játék hatásának igazolása"
A055;Zoknipárosítás nagyon eltérő párokkal;12-18 hó;Forráshivatkozás tisztázandó;FORRÁS SZEREPE;"A hivatkozás között kereskedelmi vagy pedagógiai ötletforrás van; ez nem igazolja az életkori besorolást és a kártyán leírt várható viselkedést. A fő oldalon ezt külön kell jelölni.";Pontosítva;A kereskedelmi/pedagógiai hivatkozást a felületen ötletforrásként címkézzük.;;;"HOME_MATH: Kapcsolódó általános forrás; nem az adott játék hatásának igazolása | MONTESSORI_ACADEMY: Pedagógiai/kereskedelmi ötletforrás"
A056;Kanalazás nagy, nem lenyelhető tárgyakkal;12-18 hó;Forráshivatkozás tisztázandó;FORRÁSEGYEZTETÉS;"A v1.6-ban a veszélyes eredeti eszközöket lecseréltük; a korábbi forráslink és cél szövege már nem biztosan a jelenlegi változatra vonatkozik.";Pontosítva;A lecserélt eszközre már nem illő régi konkrét hivatkozást eltávolítottuk.;;;
A057;Törölgetés saját ronggyal;12-18 hó;Biztonsági pontosítás szükséges;BIZTONSÁG;"Permetező szerepel a felszerelésben; tisztítószer-maradék vagy permet belégzése elkerülendő. A rongy önmagában is elegendő.";Pontosítva;Az eredeti eszköz vagy leírás biztonságosabb változatra cserélődött. | Az eredeti eszközváltozat URL-jét eltávolítottuk, mert nem igazolná a javított változatot.;;;"AMS_CORE: Kapcsolódó általános forrás; nem az adott játék hatásának igazolása | LILLARD_PRIMARY: Kapcsolódó általános forrás; nem az adott játék hatásának igazolása | A korábbi eszközváltozat közvetlen URL-jét eltávolítottuk; a felsorolt ID-k legfeljebb általános kontextust adnak."
A058;Állatfigura-kép párosítás;12-18 hó;Biztonsági pontosítás szükséges;"BIZTONSÁG; ÉLETKORI ILLESZKEDÉS; FORRÁS SZEREPE";"A figura, tüske, rúd, fedő, csengő vagy háztartási alkatrész mérete/rögzítése nincs pontosan megadva; a szájba vehető vagy leváló részt ki kell zárni, különösen kisgyermeknél. | A feladat és/vagy a „figyeld, tudja-e” kérdés a megadott életkori sávban iskolás jellegű teljesítményelvárásnak tűnhet. Az érdeklődéstől és meglévő készségtől függő, választható játékként kell átfogalmazni; a kor nem tesztküszöb. | A hivatkozás között kereskedelmi vagy pedagógiai ötletforrás van; ez nem igazolja az életkori besorolást és a kártyán leírt várható viselkedést. A fő oldalon ezt külön kell jelölni.";Pontosítva;"Az életkori besorolásból nem lesz képességmérce; a megfigyelési és nehezítési mondatot átfogalmaztuk. | A kereskedelmi/pedagógiai hivatkozást a felületen ötletforrásként címkézzük. | A hiányzó konkrét biztonsági feltételt a lépésekhez és külön figyelmeztetéshez adtuk.";"Az állatfigura helyett nagy kép is jó; figura esetén ellenőrizd a nem leváló és nem lenyelhető részeket.";"A megadott kor csak keresési támpont. Kínáld fel, ha a gyermek érdeklődik és a szükséges előkészségek már megvannak; a feladat teljesítése nem életkori elvárás.";"BOOK_READING_META: Kapcsolódó általános forrás; nem az adott játék hatásának igazolása | MONTESSORI_ACADEMY: Pedagógiai/kereskedelmi ötletforrás"
A059;Egyszerű érzelemkönyv valós helyzet után;12-18 hó;Forráshivatkozás tisztázandó;FORRÁS SZEREPE;"A hivatkozás között kereskedelmi vagy pedagógiai ötletforrás van; ez nem igazolja az életkori besorolást és a kártyán leírt várható viselkedést. A fő oldalon ezt külön kell jelölni.";Pontosítva;A kereskedelmi/pedagógiai hivatkozást a felületen ötletforrásként címkézzük.;;;"LOVEVERY_OBSERVER: Pedagógiai/kereskedelmi ötletforrás | PARENTING_META: Kapcsolódó általános forrás; nem az adott játék hatásának igazolása"
A060;Mini akadálypálya párnákkal;12-18 hó;Biztonsági pontosítás szükséges;BIZTONSÁG;"Az akadálypálya magassága, a bútorok stabilitása és az esésveszély nincs eléggé meghatározva; a gyermek tényleges mozgáskészségéhez kell igazítani.";Pontosítva;A hiányzó konkrét biztonsági feltételt a lépésekhez és külön figyelmeztetéshez adtuk.;Csak alacsony, nem csúszó, puha akadályt kínálj, amely illik a gyermek spontán mozgásához.;;"MOVEMENT_META: Kapcsolódó általános forrás; nem az adott játék hatásának igazolása"
A061;Csavaros kupakok nyitása-zárása;18-24 hó;Biztonsági pontosítás szükséges;BIZTONSÁG;"A golyó, kupak, pompon, dugó, pálcika vagy kis tartozék mérete nincs megadva; a szájba vehető/leváló részek veszélye miatt életkornak megfelelő, egyben maradó eszközt kell választani.";Pontosítva;A hiányzó konkrét biztonsági feltételt a lépésekhez és külön figyelmeztetéshez adtuk.;"Csak egyben maradó, nem lenyelhető méretű, tiszta záródó játékot használj; különálló flakonkupak nem megfelelő.";;"AMS_CORE: Kapcsolódó általános forrás; nem az adott játék hatásának igazolása | LILLARD_PRIMARY: Kapcsolódó általános forrás; nem az adott játék hatásának igazolása"
A062;Színek megfigyelése nagy tárgyakkal;18-24 hó;Biztonsági pontosítás szükséges;"BIZTONSÁG; ÉLETKORI ILLESZKEDÉS; FORRÁS SZEREPE";"A golyó, kupak, pompon, dugó, pálcika vagy kis tartozék mérete nincs megadva; a szájba vehető/leváló részek veszélye miatt életkornak megfelelő, egyben maradó eszközt kell választani. | A feladat és/vagy a „figyeld, tudja-e” kérdés a megadott életkori sávban iskolás jellegű teljesítményelvárásnak tűnhet. Az érdeklődéstől és meglévő készségtől függő, választható játékként kell átfogalmazni; a kor nem tesztküszöb. | A hivatkozás között kereskedelmi vagy pedagógiai ötletforrás van; ez nem igazolja az életkori besorolást és a kártyán leírt várható viselkedést. A fő oldalon ezt külön kell jelölni.";Pontosítva;"Az életkori besorolásból nem lesz képességmérce; a megfigyelési és nehezítési mondatot átfogalmaztuk. | A kereskedelmi/pedagógiai hivatkozást a felületen ötletforrásként címkézzük. | Az eredeti eszköz vagy leírás biztonságosabb változatra cserélődött. | Az eredeti eszközváltozat URL-jét eltávolítottuk, mert nem igazolná a javított változatot.";;"A megadott kor csak keresési támpont. Kínáld fel, ha a gyermek érdeklődik és a szükséges előkészségek már megvannak; a feladat teljesítése nem életkori elvárás.";"HOME_MATH: Kapcsolódó általános forrás; nem az adott játék hatásának igazolása | MONTESSORI_ACADEMY: Pedagógiai/kereskedelmi ötletforrás | A korábbi eszközváltozat közvetlen URL-jét eltávolítottuk; a felsorolt ID-k legfeljebb általános kontextust adnak."
A063;Öntés üres edényekkel;18-24 hó;Forráshivatkozás tisztázandó;FORRÁSEGYEZTETÉS;"A v1.6-ban a veszélyes eredeti eszközöket lecseréltük; a korábbi forráslink és cél szövege már nem biztosan a jelenlegi változatra vonatkozik.";Pontosítva;A lecserélt eszközre már nem illő régi konkrét hivatkozást eltávolítottuk.;;;
A064;Mini mosogató játék valós vízzel;18-24 hó;Biztonsági pontosítás szükséges;"BIZTONSÁG; FORRÁS SZEREPE";"Víz szerepel a játékban: az eredeti lépések nem írják le elég konkrétan a folyamatos, közeli felügyeletet és a víz azonnali kiürítését. A vizes játék opcionális. | A hivatkozás között kereskedelmi vagy pedagógiai ötletforrás van; ez nem igazolja az életkori besorolást és a kártyán leírt várható viselkedést. A fő oldalon ezt külön kell jelölni.";Pontosítva;A kereskedelmi/pedagógiai hivatkozást a felületen ötletforrásként címkézzük. | A hiányzó konkrét biztonsági feltételt a lépésekhez és külön figyelmeztetéshez adtuk.;"Víz mellett a felnőtt végig közvetlenül figyel; csak sekély vizet használjatok, és a lavórt azonnal ürítsétek ki.";;"LOVEVERY_HELPER: Pedagógiai/kereskedelmi ötletforrás | AMS_CORE: Kapcsolódó általános forrás; nem az adott játék hatásának igazolása"
A065;Egyszerű rutin-kártyák sorrendbe;18-24 hó;Tartalmi pontosítás szükséges;"ÉLETKORI ILLESZKEDÉS; FORRÁS SZEREPE";"A feladat és/vagy a „figyeld, tudja-e” kérdés a megadott életkori sávban iskolás jellegű teljesítményelvárásnak tűnhet. Az érdeklődéstől és meglévő készségtől függő, választható játékként kell átfogalmazni; a kor nem tesztküszöb. | A hivatkozás között kereskedelmi vagy pedagógiai ötletforrás van; ez nem igazolja az életkori besorolást és a kártyán leírt várható viselkedést. A fő oldalon ezt külön kell jelölni.";Pontosítva;"Az életkori besorolásból nem lesz képességmérce; a megfigyelési és nehezítési mondatot átfogalmaztuk. | A kereskedelmi/pedagógiai hivatkozást a felületen ötletforrásként címkézzük.";;"A megadott kor csak keresési támpont. Kínáld fel, ha a gyermek érdeklődik és a szükséges előkészségek már megvannak; a feladat teljesítése nem életkori elvárás.";"LOVEVERY_HELPER: Pedagógiai/kereskedelmi ötletforrás | SELF_DRIVEN: Kapcsolódó általános forrás; nem az adott játék hatásának igazolása | DIAMOND_EF: Kapcsolódó általános forrás; nem az adott játék hatásának igazolása"
A066;Egyszerű puzzle fogantyúval;18-24 hó;Tartalmi pontosítás szükséges;"ÉLETKORI ILLESZKEDÉS; FORRÁS SZEREPE";"A feladat és/vagy a „figyeld, tudja-e” kérdés a megadott életkori sávban iskolás jellegű teljesítményelvárásnak tűnhet. Az érdeklődéstől és meglévő készségtől függő, választható játékként kell átfogalmazni; a kor nem tesztküszöb. | A hivatkozás között kereskedelmi vagy pedagógiai ötletforrás van; ez nem igazolja az életkori besorolást és a kártyán leírt várható viselkedést. A fő oldalon ezt külön kell jelölni.";Pontosítva;"Az életkori besorolásból nem lesz képességmérce; a megfigyelési és nehezítési mondatot átfogalmaztuk. | A kereskedelmi/pedagógiai hivatkozást a felületen ötletforrásként címkézzük.";;"A megadott kor csak keresési támpont. Kínáld fel, ha a gyermek érdeklődik és a szükséges előkészségek már megvannak; a feladat teljesítése nem életkori elvárás.";"LOVEVERY_HELPER: Pedagógiai/kereskedelmi ötletforrás | SPATIAL_META: Kapcsolódó általános forrás; nem az adott játék hatásának igazolása"
A067;Páros tárgyak keresése a lakásban;18-24 hó;Forráshivatkozás tisztázandó;FORRÁS SZEREPE;"A hivatkozás között kereskedelmi vagy pedagógiai ötletforrás van; ez nem igazolja az életkori besorolást és a kártyán leírt várható viselkedést. A fő oldalon ezt külön kell jelölni.";Pontosítva;A kereskedelmi/pedagógiai hivatkozást a felületen ötletforrásként címkézzük.;;;"HOME_MATH: Kapcsolódó általános forrás; nem az adott játék hatásának igazolása | MONTESSORI_ACADEMY: Pedagógiai/kereskedelmi ötletforrás"
A068;Tépőzáras/filc állatok bújtatása;18-24 hó;Biztonsági pontosítás szükséges;"BIZTONSÁG; FORRÁS SZEREPE";"A figura, tüske, rúd, fedő, csengő vagy háztartási alkatrész mérete/rögzítése nincs pontosan megadva; a szájba vehető vagy leváló részt ki kell zárni, különösen kisgyermeknél. | A hivatkozás között kereskedelmi vagy pedagógiai ötletforrás van; ez nem igazolja az életkori besorolást és a kártyán leírt várható viselkedést. A fő oldalon ezt külön kell jelölni.";Pontosítva;A kereskedelmi/pedagógiai hivatkozást a felületen ötletforrásként címkézzük. | A hiányzó konkrét biztonsági feltételt a lépésekhez és külön figyelmeztetéshez adtuk.;"A filcfigura és tépőzár nem válhat le és nem férhet a gyermek szájába; sérült házi eszközt ne használj.";;"LOVEVERY_BABBLER: Pedagógiai/kereskedelmi ötletforrás | GUIDED_PLAY_META: Kapcsolódó általános forrás; nem az adott játék hatásának igazolása"
A069;Egyszerű bevásárló kipakolás;18-24 hó;Forráshivatkozás tisztázandó;FORRÁS SZEREPE;"A hivatkozás között kereskedelmi vagy pedagógiai ötletforrás van; ez nem igazolja az életkori besorolást és a kártyán leírt várható viselkedést. A fő oldalon ezt külön kell jelölni.";Pontosítva;A kereskedelmi/pedagógiai hivatkozást a felületen ötletforrásként címkézzük.;;;"MONTESSORI_ACADEMY: Pedagógiai/kereskedelmi ötletforrás | PARENTING_META: Kapcsolódó általános forrás; nem az adott játék hatásának igazolása"
A070;Érzelem után választási ajánlat;18-24 hó;Tartalmi pontosítás szükséges;KAPCSOLAT ÉS ELVÁRÁS;A szöveg könnyen szabállyá vagy viselkedési próbává válhat (érzelem megnevezése, várakozás, önjavítás, csendes idő, jóvátétel). A felnőtt rugalmas válaszát és a gyermek jogát a segítséghez pontosítani kell.;Pontosítva;A kapcsolatot teljesítménnyé tevő megfogalmazásokat rugalmas felnőtt válaszra cseréltük.;;;"SELF_DRIVEN: Kapcsolódó általános forrás; nem az adott játék hatásának igazolása | PARENTING_META: Kapcsolódó általános forrás; nem az adott játék hatásának igazolása"
A071;Kis locsolókanna növényhez;18-24 hó;Biztonsági pontosítás szükséges;BIZTONSÁG;Víz szerepel a játékban: az eredeti lépések nem írják le elég konkrétan a folyamatos, közeli felügyeletet és a víz azonnali kiürítését. A vizes játék opcionális.;Pontosítva;A hiányzó konkrét biztonsági feltételt a lépésekhez és külön figyelmeztetéshez adtuk.;"A locsolásnál a felnőtt végig közvetlenül jelen van; a kannában csak kevés víz legyen, használat után ürítsd ki.";;"AMS_CORE: Kapcsolódó általános forrás; nem az adott játék hatásának igazolása | LILLARD_PRIMARY: Kapcsolódó általános forrás; nem az adott játék hatásának igazolása"
A072;Kinti nagy és kicsi levelek nézegetése;18-24 hó;Biztonsági pontosítás szükséges;"BIZTONSÁG; FORRÁS SZEREPE";"Természetes tárgyak között kavics, termés, levél vagy más szájba kerülő/irritáló darab lehet; a tárgyválasztást, a szájba vételt és a tisztaságot külön ellenőrizni kell. | A hivatkozás között kereskedelmi vagy pedagógiai ötletforrás van; ez nem igazolja az életkori besorolást és a kártyán leírt várható viselkedést. A fő oldalon ezt külön kell jelölni.";Pontosítva;A kereskedelmi/pedagógiai hivatkozást a felületen ötletforrásként címkézzük. | Az eredeti eszköz vagy leírás biztonságosabb változatra cserélődött. | Az eredeti eszközváltozat URL-jét eltávolítottuk, mert nem igazolná a javított változatot.;;;"HOME_MATH: Kapcsolódó általános forrás; nem az adott játék hatásának igazolása | MONTESSORI_ACADEMY: Pedagógiai/kereskedelmi ötletforrás | TUMMY_REVIEW_2020: Kapcsolódó általános forrás; nem az adott játék hatásának igazolása | WHO_24H_2019: Kapcsolódó általános forrás; nem az adott játék hatásának igazolása | AAP_SLEEP_2022: Kapcsolódó általános forrás; nem az adott játék hatásának igazolása | A korábbi eszközváltozat közvetlen URL-jét eltávolítottuk; a felsorolt ID-k legfeljebb általános kontextust adnak."
A073;Vizes öntés két kancsó között;2-3 év;Biztonsági pontosítás szükséges;BIZTONSÁG;Víz szerepel a játékban: az eredeti lépések nem írják le elég konkrétan a folyamatos, közeli felügyeletet és a víz azonnali kiürítését. A vizes játék opcionális.;Pontosítva;A hiányzó konkrét biztonsági feltételt a lépésekhez és külön figyelmeztetéshez adtuk.;"Kevés vízzel, stabil tálcán és folyamatos közeli felügyelettel; a kancsó ne törjön, a vizet a végén ürítsd ki.";;"AMS_CORE: Kapcsolódó általános forrás; nem az adott játék hatásának igazolása | LILLARD_PRIMARY: Kapcsolódó általános forrás; nem az adott játék hatásának igazolása"
A074;Színes nagy tárgyak pakolása;2-3 év;Biztonsági pontosítás szükséges;"BIZTONSÁG; ÉLETKORI ILLESZKEDÉS";"A golyó, kupak, pompon, dugó, pálcika vagy kis tartozék mérete nincs megadva; a szájba vehető/leváló részek veszélye miatt életkornak megfelelő, egyben maradó eszközt kell választani. | A feladat és/vagy a „figyeld, tudja-e” kérdés a megadott életkori sávban iskolás jellegű teljesítményelvárásnak tűnhet. Az érdeklődéstől és meglévő készségtől függő, választható játékként kell átfogalmazni; a kor nem tesztküszöb.";Pontosítva;"Az életkori besorolásból nem lesz képességmérce; a megfigyelési és nehezítési mondatot átfogalmaztuk. | Az eredeti eszköz vagy leírás biztonságosabb változatra cserélődött. | Az eredeti eszközváltozat URL-jét eltávolítottuk, mert nem igazolná a javított változatot.";;"A megadott kor csak keresési támpont. Kínáld fel, ha a gyermek érdeklődik és a szükséges előkészségek már megvannak; a feladat teljesítése nem életkori elvárás.";"AMS_CORE: Kapcsolódó általános forrás; nem az adott játék hatásának igazolása | HOME_MATH: Kapcsolódó általános forrás; nem az adott játék hatásának igazolása | A korábbi eszközváltozat közvetlen URL-jét eltávolítottuk; a felsorolt ID-k legfeljebb általános kontextust adnak."
A075;Banánvágás tompa késsel;2-3 év;Biztonsági pontosítás szükséges;BIZTONSÁG;"Kés, sütés vagy jég/só szerepelhet; az eredeti leírás nem különíti el elég pontosan a felnőtt által végzendő lépéseket és a biztonságos eszközöket.";Pontosítva;A hiányzó konkrét biztonsági feltételt a lépésekhez és külön figyelmeztetéshez adtuk.;"Csak tompa, gyermeknek készült eszköz és közeli felnőtt segítség mellett; az étel méretét és állagát is ellenőrizd.";;"AMS_CORE: Kapcsolódó általános forrás; nem az adott játék hatásának igazolása | PARENTING_META: Kapcsolódó általános forrás; nem az adott játék hatásának igazolása"
A076;Rutin térkép: reggeli készülődés;2-3 év;Forráshivatkozás tisztázandó;FORRÁS SZEREPE;"A hivatkozás között kereskedelmi vagy pedagógiai ötletforrás van; ez nem igazolja az életkori besorolást és a kártyán leírt várható viselkedést. A fő oldalon ezt külön kell jelölni.";Pontosítva;A kereskedelmi/pedagógiai hivatkozást a felületen ötletforrásként címkézzük.;;;"LOVEVERY_HELPER: Pedagógiai/kereskedelmi ötletforrás | DIAMOND_EF: Kapcsolódó általános forrás; nem az adott játék hatásának igazolása | SELF_DRIVEN: Kapcsolódó általános forrás; nem az adott játék hatásának igazolása"
A077;Képes lottó 3-4 képpel;2-3 év;Forráshivatkozás tisztázandó;FORRÁS SZEREPE;"A hivatkozás között kereskedelmi vagy pedagógiai ötletforrás van; ez nem igazolja az életkori besorolást és a kártyán leírt várható viselkedést. A fő oldalon ezt külön kell jelölni.";Pontosítva;A kereskedelmi/pedagógiai hivatkozást a felületen ötletforrásként címkézzük.;;;"BOOK_READING_META: Kapcsolódó általános forrás; nem az adott játék hatásának igazolása | MONTESSORI_ACADEMY: Pedagógiai/kereskedelmi ötletforrás"
A078;Pink tower otthoni verzió dobozokkal;2-3 év;Forráshivatkozás tisztázandó;FORRÁS SZEREPE;"A hivatkozás között kereskedelmi vagy pedagógiai ötletforrás van; ez nem igazolja az életkori besorolást és a kártyán leírt várható viselkedést. A fő oldalon ezt külön kell jelölni.";Pontosítva;A kereskedelmi/pedagógiai hivatkozást a felületen ötletforrásként címkézzük.;;;"MONTESSORI_ACADEMY: Pedagógiai/kereskedelmi ötletforrás | LILLARD_PRIMARY: Kapcsolódó általános forrás; nem az adott játék hatásának igazolása | SPATIAL_META: Kapcsolódó általános forrás; nem az adott játék hatásának igazolása"
A079;Színtáblák otthoni verziója;2-3 év;Biztonsági pontosítás szükséges;"BIZTONSÁG; FORRÁS SZEREPE";"A golyó, kupak, pompon, dugó, pálcika vagy kis tartozék mérete nincs megadva; a szájba vehető/leváló részek veszélye miatt életkornak megfelelő, egyben maradó eszközt kell választani. | A hivatkozás között kereskedelmi vagy pedagógiai ötletforrás van; ez nem igazolja az életkori besorolást és a kártyán leírt várható viselkedést. A fő oldalon ezt külön kell jelölni.";Pontosítva;A kereskedelmi/pedagógiai hivatkozást a felületen ötletforrásként címkézzük. | Az eredeti eszköz vagy leírás biztonságosabb változatra cserélődött. | Az eredeti eszközváltozat URL-jét eltávolítottuk, mert nem igazolná a javított változatot.;;;"MONTESSORI_ACADEMY: Pedagógiai/kereskedelmi ötletforrás | LILLARD_PRIMARY: Kapcsolódó általános forrás; nem az adott játék hatásának igazolása | A korábbi eszközváltozat közvetlen URL-jét eltávolítottuk; a felsorolt ID-k legfeljebb általános kontextust adnak."
A080;1-1 megfeleltetés terítésnél;2-3 év;Forráshivatkozás tisztázandó;FORRÁS SZEREPE;"A hivatkozás között kereskedelmi vagy pedagógiai ötletforrás van; ez nem igazolja az életkori besorolást és a kártyán leírt várható viselkedést. A fő oldalon ezt külön kell jelölni.";Pontosítva;A kereskedelmi/pedagógiai hivatkozást a felületen ötletforrásként címkézzük.;;;"HOME_MATH: Kapcsolódó általános forrás; nem az adott játék hatásának igazolása | MONTESSORI_ACADEMY: Pedagógiai/kereskedelmi ötletforrás"
A081;Egyszerű érzelemfigurák és történet;2-3 év;Biztonsági pontosítás szükséges;"BIZTONSÁG; KAPCSOLAT ÉS ELVÁRÁS; FORRÁS SZEREPE";"A figura, tüske, rúd, fedő, csengő vagy háztartási alkatrész mérete/rögzítése nincs pontosan megadva; a szájba vehető vagy leváló részt ki kell zárni, különösen kisgyermeknél. | A szöveg könnyen szabállyá vagy viselkedési próbává válhat (érzelem megnevezése, várakozás, önjavítás, csendes idő, jóvátétel). A felnőtt rugalmas válaszát és a gyermek jogát a segítséghez pontosítani kell. | A hivatkozás között kereskedelmi vagy pedagógiai ötletforrás van; ez nem igazolja az életkori besorolást és a kártyán leírt várható viselkedést. A fő oldalon ezt külön kell jelölni.";Pontosítva;A kapcsolatot teljesítménnyé tevő megfogalmazásokat rugalmas felnőtt válaszra cseréltük. | A kereskedelmi/pedagógiai hivatkozást a felületen ötletforrásként címkézzük. | A hiányzó konkrét biztonsági feltételt a lépésekhez és külön figyelmeztetéshez adtuk.;Egyben maradó, nagyméretű figurákat használj, vagy mesélj eszköz nélkül.;;"LOVEVERY_OBSERVER: Pedagógiai/kereskedelmi ötletforrás | PARENTING_META: Kapcsolódó általános forrás; nem az adott játék hatásának igazolása"
A082;Egyszerű akadálypálya szabállyal;2-3 év;Biztonsági pontosítás szükséges;BIZTONSÁG;"Az akadálypálya magassága, a bútorok stabilitása és az esésveszély nincs eléggé meghatározva; a gyermek tényleges mozgáskészségéhez kell igazítani.";Pontosítva;A hiányzó konkrét biztonsági feltételt a lépésekhez és külön figyelmeztetéshez adtuk.;"Az akadályok alacsonyak és stabilak legyenek; a szabályokat ne erőltesd.";;"DIAMOND_EF: Kapcsolódó általános forrás; nem az adott játék hatásának igazolása | MOVEMENT_META: Kapcsolódó általános forrás; nem az adott játék hatásának igazolása"
A083;Papírdarabok összesöprése;2-3 év;Biztonsági pontosítás szükséges;BIZTONSÁG;"Étkezés utáni morzsa összeszedése kisgyermeknél szájba vétellel járhat; a helyszínt és a felügyeletet tisztázni kell.";Pontosítva;Az eredeti eszköz vagy leírás biztonságosabb változatra cserélődött. | Az eredeti eszközváltozat URL-jét eltávolítottuk, mert nem igazolná a javított változatot.;;;"AMS_CORE: Kapcsolódó általános forrás; nem az adott játék hatásának igazolása | LILLARD_PRIMARY: Kapcsolódó általános forrás; nem az adott játék hatásának igazolása | A korábbi eszközváltozat közvetlen URL-jét eltávolítottuk; a felsorolt ID-k legfeljebb általános kontextust adnak."
A084;Első dobókockás lépegetés 1-3-ig;2-3 év;Tartalmi pontosítás szükséges;ÉLETKORI ILLESZKEDÉS;"A feladat és/vagy a „figyeld, tudja-e” kérdés a megadott életkori sávban iskolás jellegű teljesítményelvárásnak tűnhet. Az érdeklődéstől és meglévő készségtől függő, választható játékként kell átfogalmazni; a kor nem tesztküszöb.";Pontosítva;"Az életkori besorolásból nem lesz képességmérce; a megfigyelési és nehezítési mondatot átfogalmaztuk.";;"A megadott kor csak keresési támpont. Kínáld fel, ha a gyermek érdeklődik és a szükséges előkészségek már megvannak; a feladat teljesítése nem életkori elvárás.";"HOME_MATH: Kapcsolódó általános forrás; nem az adott játék hatásának igazolása | GUIDED_PLAY_META: Kapcsolódó általános forrás; nem az adott játék hatásának igazolása"
A085;Homokpapír betűk otthoni hangjátékkal;3-4 év;Tartalmi pontosítás szükséges;"ÉLETKORI ILLESZKEDÉS; FORRÁS SZEREPE";"A feladat és/vagy a „figyeld, tudja-e” kérdés a megadott életkori sávban iskolás jellegű teljesítményelvárásnak tűnhet. Az érdeklődéstől és meglévő készségtől függő, választható játékként kell átfogalmazni; a kor nem tesztküszöb. | A hivatkozás között kereskedelmi vagy pedagógiai ötletforrás van; ez nem igazolja az életkori besorolást és a kártyán leírt várható viselkedést. A fő oldalon ezt külön kell jelölni.";Pontosítva;"Az életkori besorolásból nem lesz képességmérce; a megfigyelési és nehezítési mondatot átfogalmaztuk. | A kereskedelmi/pedagógiai hivatkozást a felületen ötletforrásként címkézzük.";;"A megadott kor csak keresési támpont. Kínáld fel, ha a gyermek érdeklődik és a szükséges előkészségek már megvannak; a feladat teljesítése nem életkori elvárás.";"AMS_CORE: Kapcsolódó általános forrás; nem az adott játék hatásának igazolása | MONTESSORI_ACADEMY: Pedagógiai/kereskedelmi ötletforrás | BOOK_READING_META: Kapcsolódó általános forrás; nem az adott játék hatásának igazolása"
A086;Mozgatható ábécé előképe tárgyakkal;3-4 év;Tartalmi pontosítás szükséges;ÉLETKORI ILLESZKEDÉS;"A feladat és/vagy a „figyeld, tudja-e” kérdés a megadott életkori sávban iskolás jellegű teljesítményelvárásnak tűnhet. Az érdeklődéstől és meglévő készségtől függő, választható játékként kell átfogalmazni; a kor nem tesztküszöb.";Pontosítva;"Az életkori besorolásból nem lesz képességmérce; a megfigyelési és nehezítési mondatot átfogalmaztuk.";;"A megadott kor csak keresési támpont. Kínáld fel, ha a gyermek érdeklődik és a szükséges előkészségek már megvannak; a feladat teljesítése nem életkori elvárás.";"AMS_CORE: Kapcsolódó általános forrás; nem az adott játék hatásának igazolása | BOOK_READING_META: Kapcsolódó általános forrás; nem az adott játék hatásának igazolása"
A087;Számrudak otthoni lépcsője;3-4 év;Tartalmi pontosítás szükséges;ÉLETKORI ILLESZKEDÉS;"A feladat és/vagy a „figyeld, tudja-e” kérdés a megadott életkori sávban iskolás jellegű teljesítményelvárásnak tűnhet. Az érdeklődéstől és meglévő készségtől függő, választható játékként kell átfogalmazni; a kor nem tesztküszöb.";Pontosítva;"Az életkori besorolásból nem lesz képességmérce; a megfigyelési és nehezítési mondatot átfogalmaztuk.";;"A megadott kor csak keresési támpont. Kínáld fel, ha a gyermek érdeklődik és a szükséges előkészségek már megvannak; a feladat teljesítése nem életkori elvárás.";"AMS_CORE: Kapcsolódó általános forrás; nem az adott játék hatásának igazolása | HOME_MATH: Kapcsolódó általános forrás; nem az adott játék hatásának igazolása"
A088;Fém betétek otthoni sablonnal;3-4 év;Forráshivatkozás tisztázandó;FORRÁS SZEREPE;"A hivatkozás között kereskedelmi vagy pedagógiai ötletforrás van; ez nem igazolja az életkori besorolást és a kártyán leírt várható viselkedést. A fő oldalon ezt külön kell jelölni.";Pontosítva;A kereskedelmi/pedagógiai hivatkozást a felületen ötletforrásként címkézzük.;;;"AMS_CORE: Kapcsolódó általános forrás; nem az adott játék hatásának igazolása | MONTESSORI_ACADEMY: Pedagógiai/kereskedelmi ötletforrás"
A089;Évszak/időjárás tábla;3-4 év;Forráshivatkozás tisztázandó;FORRÁS SZEREPE;"A hivatkozás között kereskedelmi vagy pedagógiai ötletforrás van; ez nem igazolja az életkori besorolást és a kártyán leírt várható viselkedést. A fő oldalon ezt külön kell jelölni.";Pontosítva;A kereskedelmi/pedagógiai hivatkozást a felületen ötletforrásként címkézzük.;;;"LOVEVERY_OBSERVER: Pedagógiai/kereskedelmi ötletforrás | SELF_DRIVEN: Kapcsolódó általános forrás; nem az adott játék hatásának igazolása"
A090;Moduláris ház vagy babaház hétköznapi jelenetekkel;3-4 év;Biztonsági pontosítás szükséges;"BIZTONSÁG; FORRÁS SZEREPE";"A figura, tüske, rúd, fedő, csengő vagy háztartási alkatrész mérete/rögzítése nincs pontosan megadva; a szájba vehető vagy leváló részt ki kell zárni, különösen kisgyermeknél. | A hivatkozás között kereskedelmi vagy pedagógiai ötletforrás van; ez nem igazolja az életkori besorolást és a kártyán leírt várható viselkedést. A fő oldalon ezt külön kell jelölni.";Pontosítva;A kereskedelmi/pedagógiai hivatkozást a felületen ötletforrásként címkézzük. | A hiányzó konkrét biztonsági feltételt a lépésekhez és külön figyelmeztetéshez adtuk.;"Figurák helyett rajzolt szereplők is megfelelnek; apró/leváló daraboknál csak életkornak megfelelő eszköz jöhet szóba.";;"LOVEVERY_OBSERVER: Pedagógiai/kereskedelmi ötletforrás | PARENTING_META: Kapcsolódó általános forrás; nem az adott játék hatásának igazolása"
A091;Durva-sima tapintó párok;3-4 év;Forráshivatkozás tisztázandó;FORRÁS SZEREPE;"A hivatkozás között kereskedelmi vagy pedagógiai ötletforrás van; ez nem igazolja az életkori besorolást és a kártyán leírt várható viselkedést. A fő oldalon ezt külön kell jelölni.";Pontosítva;A kereskedelmi/pedagógiai hivatkozást a felületen ötletforrásként címkézzük.;;;"AMS_CORE: Kapcsolódó általános forrás; nem az adott játék hatásának igazolása | MONTESSORI_ACADEMY: Pedagógiai/kereskedelmi ötletforrás"
A092;Csendjáték otthoni verzió;3-4 év;Tartalmi pontosítás szükséges;KAPCSOLAT ÉS ELVÁRÁS;"A csendes ülés ne legyen elvárás vagy önszabályozási próba; aki nem szeretne részt venni, más csendes vagy mozgásos játékot választhat.";Pontosítva;A kapcsolatot teljesítménnyé tevő megfogalmazásokat rugalmas felnőtt válaszra cseréltük. | A kötelező csendes ülés megszűnt.;;;"AMS_CORE: Kapcsolódó általános forrás; nem az adott játék hatásának igazolása | DIAMOND_EF: Kapcsolódó általános forrás; nem az adott játék hatásának igazolása"
A093;Virágrendezés kis vázába;3-4 év;Biztonsági pontosítás szükséges;BIZTONSÁG;"Olló és törékeny váza szerepel; csak biztonságos, életkorhoz illő eszközzel és közeli felügyelettel használható.";Pontosítva;Az eredeti eszköz vagy leírás biztonságosabb változatra cserélődött. | Az eredeti eszközváltozat URL-jét eltávolítottuk, mert nem igazolná a javított változatot.;;;"AMS_CORE: Kapcsolódó általános forrás; nem az adott játék hatásának igazolása | LILLARD_PRIMARY: Kapcsolódó általános forrás; nem az adott játék hatásának igazolása | A korábbi eszközváltozat közvetlen URL-jét eltávolítottuk; a felsorolt ID-k legfeljebb általános kontextust adnak."
A094;Első lineáris társas 1-10;3-4 év;Tartalmi pontosítás szükséges;ÉLETKORI ILLESZKEDÉS;"A feladat és/vagy a „figyeld, tudja-e” kérdés a megadott életkori sávban iskolás jellegű teljesítményelvárásnak tűnhet. Az érdeklődéstől és meglévő készségtől függő, választható játékként kell átfogalmazni; a kor nem tesztküszöb.";Pontosítva;"Az életkori besorolásból nem lesz képességmérce; a megfigyelési és nehezítési mondatot átfogalmaztuk.";;"A megadott kor csak keresési támpont. Kínáld fel, ha a gyermek érdeklődik és a szükséges előkészségek már megvannak; a feladat teljesítése nem életkori elvárás.";"HOME_MATH: Kapcsolódó általános forrás; nem az adott játék hatásának igazolása | GUIDED_PLAY_META: Kapcsolódó általános forrás; nem az adott játék hatásának igazolása"
A095;Kis kísérlet: süllyed vagy lebeg;3-4 év;Biztonsági pontosítás szükséges;"BIZTONSÁG; FORRÁS SZEREPE";"Víz szerepel a játékban: az eredeti lépések nem írják le elég konkrétan a folyamatos, közeli felügyeletet és a víz azonnali kiürítését. A vizes játék opcionális. | A hivatkozás között kereskedelmi vagy pedagógiai ötletforrás van; ez nem igazolja az életkori besorolást és a kártyán leírt várható viselkedést. A fő oldalon ezt külön kell jelölni.";Pontosítva;A kereskedelmi/pedagógiai hivatkozást a felületen ötletforrásként címkézzük. | A hiányzó konkrét biztonsági feltételt a lépésekhez és külön figyelmeztetéshez adtuk.;"Csak kevés víz, stabil tál, nagy sérülésmentes tárgyak és folyamatos közeli felnőtt figyelem mellett; utána ürítsd ki.";;"GUIDED_PLAY_META: Kapcsolódó általános forrás; nem az adott játék hatásának igazolása | MONTESSORI_ACADEMY: Pedagógiai/kereskedelmi ötletforrás"
A096;Barátságos konfliktus-jelenetek bábokkal;3-4 év;Forráshivatkozás tisztázandó;FORRÁS SZEREPE;"A hivatkozás között kereskedelmi vagy pedagógiai ötletforrás van; ez nem igazolja az életkori besorolást és a kártyán leírt várható viselkedést. A fő oldalon ezt külön kell jelölni.";Pontosítva;A kereskedelmi/pedagógiai hivatkozást a felületen ötletforrásként címkézzük.;;;"PARENTING_META: Kapcsolódó általános forrás; nem az adott játék hatásának igazolása | LOVEVERY_OBSERVER: Pedagógiai/kereskedelmi ötletforrás"
A097;Mikroszkóp/nagyító természetkosárral;4-5 év;Forráshivatkozás tisztázandó;FORRÁS SZEREPE;"A hivatkozás között kereskedelmi vagy pedagógiai ötletforrás van; ez nem igazolja az életkori besorolást és a kártyán leírt várható viselkedést. A fő oldalon ezt külön kell jelölni.";Pontosítva;A kereskedelmi/pedagógiai hivatkozást a felületen ötletforrásként címkézzük.;;;LOVEVERY_CONNECTOR: Pedagógiai/kereskedelmi ötletforrás | MONTESSORI_ACADEMY: Pedagógiai/kereskedelmi ötletforrás
A098;Moduláris út/város építés;4-5 év;Forráshivatkozás tisztázandó;FORRÁS SZEREPE;"A hivatkozás között kereskedelmi vagy pedagógiai ötletforrás van; ez nem igazolja az életkori besorolást és a kártyán leírt várható viselkedést. A fő oldalon ezt külön kell jelölni.";Pontosítva;A kereskedelmi/pedagógiai hivatkozást a felületen ötletforrásként címkézzük.;;;"LOVEVERY_CONNECTOR: Pedagógiai/kereskedelmi ötletforrás | SPATIAL_META: Kapcsolódó általános forrás; nem az adott játék hatásának igazolása"
A099;Napi segítőtábla;4-5 év;Forráshivatkozás tisztázandó;FORRÁS SZEREPE;"A hivatkozás között kereskedelmi vagy pedagógiai ötletforrás van; ez nem igazolja az életkori besorolást és a kártyán leírt várható viselkedést. A fő oldalon ezt külön kell jelölni.";Pontosítva;A kereskedelmi/pedagógiai hivatkozást a felületen ötletforrásként címkézzük.;;;"LOVEVERY_CONNECTOR: Pedagógiai/kereskedelmi ötletforrás | SELF_DRIVEN: Kapcsolódó általános forrás; nem az adott játék hatásának igazolása | AMS_CORE: Kapcsolódó általános forrás; nem az adott játék hatásának igazolása"
A100;Rímvadászat könyvből;4-5 év;Nincs külön jelölt probléma;;;Nincs célzott módosítás;Az első körben nem volt célzott javítás.;;;"BOOK_READING_META: Kapcsolódó általános forrás; nem az adott játék hatásának igazolása"
A101;Szótagtapsolás nevekben;4-5 év;Nincs külön jelölt probléma;;;Nincs célzott módosítás;Az első körben nem volt célzott javítás.;;;"BOOK_READING_META: Kapcsolódó általános forrás; nem az adott játék hatásának igazolása | MOVEMENT_META: Kapcsolódó általános forrás; nem az adott játék hatásának igazolása"
A102;Építőkockák tízes csoportja;4-5 év;Tartalmi pontosítás szükséges;"ÉLETKORI ILLESZKEDÉS; FORRÁS SZEREPE";"A feladat és/vagy a „figyeld, tudja-e” kérdés a megadott életkori sávban iskolás jellegű teljesítményelvárásnak tűnhet. Az érdeklődéstől és meglévő készségtől függő, választható játékként kell átfogalmazni; a kor nem tesztküszöb. | A hivatkozás között kereskedelmi vagy pedagógiai ötletforrás van; ez nem igazolja az életkori besorolást és a kártyán leírt várható viselkedést. A fő oldalon ezt külön kell jelölni.";Pontosítva;"Az életkori besorolásból nem lesz képességmérce; a megfigyelési és nehezítési mondatot átfogalmaztuk. | Az iskolás fogalom elvárt elsajátítását az érdeklődés szerinti játékra cseréltük. | A kereskedelmi/pedagógiai hivatkozást a felületen ötletforrásként címkézzük.";;"A megadott kor csak keresési támpont. Kínáld fel, ha a gyermek érdeklődik és a szükséges előkészségek már megvannak; a feladat teljesítése nem életkori elvárás.";"AMS_CORE: Kapcsolódó általános forrás; nem az adott játék hatásának igazolása | MONTESSORI_ACADEMY: Pedagógiai/kereskedelmi ötletforrás | HOME_MATH: Kapcsolódó általános forrás; nem az adott játék hatásának igazolása"
A103;Kis bolt szerepjáték valódi mennyiségekkel;4-5 év;Tartalmi pontosítás szükséges;ÉLETKORI ILLESZKEDÉS;"A feladat és/vagy a „figyeld, tudja-e” kérdés a megadott életkori sávban iskolás jellegű teljesítményelvárásnak tűnhet. Az érdeklődéstől és meglévő készségtől függő, választható játékként kell átfogalmazni; a kor nem tesztküszöb.";Pontosítva;"Az életkori besorolásból nem lesz képességmérce; a megfigyelési és nehezítési mondatot átfogalmaztuk.";;"A megadott kor csak keresési támpont. Kínáld fel, ha a gyermek érdeklődik és a szükséges előkészségek már megvannak; a feladat teljesítése nem életkori elvárás.";"HOME_MATH: Kapcsolódó általános forrás; nem az adott játék hatásának igazolása | GUIDED_PLAY_META: Kapcsolódó általános forrás; nem az adott játék hatásának igazolása"
A104;Szekvencia-kártyák történetmeséléssel;4-5 év;Nincs külön jelölt probléma;;;Nincs célzott módosítás;Az első körben nem volt célzott javítás.;;;"BOOK_READING_META: Kapcsolódó általános forrás; nem az adott játék hatásának igazolása | DIAMOND_EF: Kapcsolódó általános forrás; nem az adott játék hatásának igazolása"
A105;Térkép a lakásban kincskereséssel;4-5 év;Nincs külön jelölt probléma;;;Nincs célzott módosítás;Az első körben nem volt célzott javítás.;;;"SPATIAL_META: Kapcsolódó általános forrás; nem az adott játék hatásának igazolása | GUIDED_PLAY_META: Kapcsolódó általános forrás; nem az adott játék hatásának igazolása"
A106;Színárnyalat-sorbarendezés;4-5 év;Tartalmi pontosítás szükséges;"ÉLETKORI ILLESZKEDÉS; FORRÁS SZEREPE";"A feladat és/vagy a „figyeld, tudja-e” kérdés a megadott életkori sávban iskolás jellegű teljesítményelvárásnak tűnhet. Az érdeklődéstől és meglévő készségtől függő, választható játékként kell átfogalmazni; a kor nem tesztküszöb. | A hivatkozás között kereskedelmi vagy pedagógiai ötletforrás van; ez nem igazolja az életkori besorolást és a kártyán leírt várható viselkedést. A fő oldalon ezt külön kell jelölni.";Pontosítva;"Az életkori besorolásból nem lesz képességmérce; a megfigyelési és nehezítési mondatot átfogalmaztuk. | A kereskedelmi/pedagógiai hivatkozást a felületen ötletforrásként címkézzük.";;"A megadott kor csak keresési támpont. Kínáld fel, ha a gyermek érdeklődik és a szükséges előkészségek már megvannak; a feladat teljesítése nem életkori elvárás.";"AMS_CORE: Kapcsolódó általános forrás; nem az adott játék hatásának igazolása | MONTESSORI_ACADEMY: Pedagógiai/kereskedelmi ötletforrás"
A107;Öltöztető keretek otthoni ruhán;4-5 év;Nincs külön jelölt probléma;;;Nincs célzott módosítás;Az első körben nem volt célzott javítás.;;;"AMS_CORE: Kapcsolódó általános forrás; nem az adott játék hatásának igazolása | LILLARD_PRIMARY: Kapcsolódó általános forrás; nem az adott játék hatásának igazolása"
A108;Érzelmi hőmérő 3 fokozattal;4-5 év;Tartalmi pontosítás szükséges;KAPCSOLAT ÉS ELVÁRÁS;A szöveg könnyen szabállyá vagy viselkedési próbává válhat (érzelem megnevezése, várakozás, önjavítás, csendes idő, jóvátétel). A felnőtt rugalmas válaszát és a gyermek jogát a segítséghez pontosítani kell.;Pontosítva;A kapcsolatot teljesítménnyé tevő megfogalmazásokat rugalmas felnőtt válaszra cseréltük.;;;"PARENTING_META: Kapcsolódó általános forrás; nem az adott játék hatásának igazolása | DIAMOND_EF: Kapcsolódó általános forrás; nem az adott játék hatásának igazolása"
A109;Saját projekt: mini kert megtervezése;5-6 év;Biztonsági pontosítás szükséges;"BIZTONSÁG; FORRÁS SZEREPE";"Föld, mag és növény szerepel; ellenőrizni kell a növény nem mérgező voltát és a kézmosást. | A hivatkozás között kereskedelmi vagy pedagógiai ötletforrás van; ez nem igazolja az életkori besorolást és a kártyán leírt várható viselkedést. A fő oldalon ezt külön kell jelölni.";Pontosítva;A kereskedelmi/pedagógiai hivatkozást a felületen ötletforrásként címkézzük. | A hiányzó konkrét biztonsági feltételt a lépésekhez és külön figyelmeztetéshez adtuk.;"A növény legyen nem mérgező, a föld ne tartalmazzon vegyszert; a tevékenység után mossatok kezet.";;"AMS_CORE: Kapcsolódó általános forrás; nem az adott játék hatásának igazolása | MONTESSORI_ACADEMY: Pedagógiai/kereskedelmi ötletforrás | DIAMOND_EF: Kapcsolódó általános forrás; nem az adott játék hatásának igazolása"
A110;Mozgatható ábécé otthoni szóképzés;5-6 év;Tartalmi pontosítás szükséges;"ÉLETKORI ILLESZKEDÉS; FORRÁS SZEREPE";"A feladat és/vagy a „figyeld, tudja-e” kérdés a megadott életkori sávban iskolás jellegű teljesítményelvárásnak tűnhet. Az érdeklődéstől és meglévő készségtől függő, választható játékként kell átfogalmazni; a kor nem tesztküszöb. | A hivatkozás között kereskedelmi vagy pedagógiai ötletforrás van; ez nem igazolja az életkori besorolást és a kártyán leírt várható viselkedést. A fő oldalon ezt külön kell jelölni.";Pontosítva;"Az életkori besorolásból nem lesz képességmérce; a megfigyelési és nehezítési mondatot átfogalmaztuk. | A kereskedelmi/pedagógiai hivatkozást a felületen ötletforrásként címkézzük.";;"A megadott kor csak keresési támpont. Kínáld fel, ha a gyermek érdeklődik és a szükséges előkészségek már megvannak; a feladat teljesítése nem életkori elvárás.";"AMS_CORE: Kapcsolódó általános forrás; nem az adott játék hatásának igazolása | MONTESSORI_ACADEMY: Pedagógiai/kereskedelmi ötletforrás | BOOK_READING_META: Kapcsolódó általános forrás; nem az adott játék hatásának igazolása"
A111;Számvonalas ugrálás 0-20;5-6 év;Tartalmi pontosítás szükséges;ÉLETKORI ILLESZKEDÉS;"A feladat és/vagy a „figyeld, tudja-e” kérdés a megadott életkori sávban iskolás jellegű teljesítményelvárásnak tűnhet. Az érdeklődéstől és meglévő készségtől függő, választható játékként kell átfogalmazni; a kor nem tesztküszöb.";Pontosítva;"Az életkori besorolásból nem lesz képességmérce; a megfigyelési és nehezítési mondatot átfogalmaztuk.";;"A megadott kor csak keresési támpont. Kínáld fel, ha a gyermek érdeklődik és a szükséges előkészségek már megvannak; a feladat teljesítése nem életkori elvárás.";"HOME_MATH: Kapcsolódó általános forrás; nem az adott játék hatásának igazolása | MOVEMENT_META: Kapcsolódó általános forrás; nem az adott játék hatásának igazolása"
A112;Térképkészítés útvonallal;5-6 év;Forráshivatkozás tisztázandó;FORRÁS SZEREPE;"A hivatkozás között kereskedelmi vagy pedagógiai ötletforrás van; ez nem igazolja az életkori besorolást és a kártyán leírt várható viselkedést. A fő oldalon ezt külön kell jelölni.";Pontosítva;A kereskedelmi/pedagógiai hivatkozást a felületen ötletforrásként címkézzük.;;;"SPATIAL_META: Kapcsolódó általános forrás; nem az adott játék hatásának igazolása | MONTESSORI_ACADEMY: Pedagógiai/kereskedelmi ötletforrás"
A113;Egyszerű recept önálló sorrenddel;5-6 év;Biztonsági pontosítás szükséges;BIZTONSÁG;"Kés, sütés vagy jég/só szerepelhet; az eredeti leírás nem különíti el elég pontosan a felnőtt által végzendő lépéseket és a biztonságos eszközöket.";Pontosítva;A hiányzó konkrét biztonsági feltételt a lépésekhez és külön figyelmeztetéshez adtuk.;"Sütésnél a forró eszközöket és a nyers, nem fogyasztható hozzávalókat a felnőtt kezeli; a gyerek csak biztonságos részfeladatot végezzen.";;"AMS_CORE: Kapcsolódó általános forrás; nem az adott játék hatásának igazolása | DIAMOND_EF: Kapcsolódó általános forrás; nem az adott játék hatásának igazolása"
A114;Társasjáték stratégiai beszélgetéssel;5-6 év;Nincs külön jelölt probléma;;;Nincs célzott módosítás;Az első körben nem volt célzott javítás.;;;"DIAMOND_EF: Kapcsolódó általános forrás; nem az adott játék hatásának igazolása | GUIDED_PLAY_META: Kapcsolódó általános forrás; nem az adott játék hatásának igazolása"
A115;Nagy építőelemek csoportosítása;5-6 év;Tartalmi pontosítás szükséges;"ÉLETKORI ILLESZKEDÉS; FORRÁS SZEREPE";"A feladat és/vagy a „figyeld, tudja-e” kérdés a megadott életkori sávban iskolás jellegű teljesítményelvárásnak tűnhet. Az érdeklődéstől és meglévő készségtől függő, választható játékként kell átfogalmazni; a kor nem tesztküszöb. | A hivatkozás között kereskedelmi vagy pedagógiai ötletforrás van; ez nem igazolja az életkori besorolást és a kártyán leírt várható viselkedést. A fő oldalon ezt külön kell jelölni.";Pontosítva;"Az életkori besorolásból nem lesz képességmérce; a megfigyelési és nehezítési mondatot átfogalmaztuk. | Az iskolás fogalom elvárt elsajátítását az érdeklődés szerinti játékra cseréltük. | A kereskedelmi/pedagógiai hivatkozást a felületen ötletforrásként címkézzük.";;"A megadott kor csak keresési támpont. Kínáld fel, ha a gyermek érdeklődik és a szükséges előkészségek már megvannak; a feladat teljesítése nem életkori elvárás.";"AMS_CORE: Kapcsolódó általános forrás; nem az adott játék hatásának igazolása | MONTESSORI_ACADEMY: Pedagógiai/kereskedelmi ötletforrás | HOME_MATH: Kapcsolódó általános forrás; nem az adott játék hatásának igazolása"
A116;Fonás vagy varráskártya;5-6 év;Biztonsági pontosítás szükséges;BIZTONSÁG;Fonál és varráskártya: hosszú zsinórt, éles tűt és felügyelet nélküli használatot kerülni kell.;Pontosítva;A hiányzó konkrét biztonsági feltételt a lépésekhez és külön figyelmeztetéshez adtuk.;"A fonal rövid legyen, éles tű nélkül; ne maradjon elérhető felügyelet nélkül.";;"AMS_CORE: Kapcsolódó általános forrás; nem az adott játék hatásának igazolása | LILLARD_PRIMARY: Kapcsolódó általános forrás; nem az adott játék hatásának igazolása"
A117;Kis kutatófüzet: kérdés-rajz-válasz;5-6 év;Forráshivatkozás tisztázandó;FORRÁS SZEREPE;"A hivatkozás között kereskedelmi vagy pedagógiai ötletforrás van; ez nem igazolja az életkori besorolást és a kártyán leírt várható viselkedést. A fő oldalon ezt külön kell jelölni.";Pontosítva;A kereskedelmi/pedagógiai hivatkozást a felületen ötletforrásként címkézzük.;;;"GUIDED_PLAY_META: Kapcsolódó általános forrás; nem az adott játék hatásának igazolása | MONTESSORI_ACADEMY: Pedagógiai/kereskedelmi ötletforrás"
A118;Naptár és idő: ma-holnap-tegnap;5-6 év;Tartalmi pontosítás szükséges;ÉLETKORI ILLESZKEDÉS;"A feladat és/vagy a „figyeld, tudja-e” kérdés a megadott életkori sávban iskolás jellegű teljesítményelvárásnak tűnhet. Az érdeklődéstől és meglévő készségtől függő, választható játékként kell átfogalmazni; a kor nem tesztküszöb.";Pontosítva;"Az életkori besorolásból nem lesz képességmérce; a megfigyelési és nehezítési mondatot átfogalmaztuk.";;"A megadott kor csak keresési támpont. Kínáld fel, ha a gyermek érdeklődik és a szükséges előkészségek már megvannak; a feladat teljesítése nem életkori elvárás.";"DIAMOND_EF: Kapcsolódó általános forrás; nem az adott játék hatásának igazolása | SELF_DRIVEN: Kapcsolódó általános forrás; nem az adott játék hatásának igazolása"
A119;Békés probléma-megoldó lépések kártyával;5-6 év;Tartalmi pontosítás szükséges;KAPCSOLAT ÉS ELVÁRÁS;A szöveg könnyen szabállyá vagy viselkedési próbává válhat (érzelem megnevezése, várakozás, önjavítás, csendes idő, jóvátétel). A felnőtt rugalmas válaszát és a gyermek jogát a segítséghez pontosítani kell.;Pontosítva;A kapcsolatot teljesítménnyé tevő megfogalmazásokat rugalmas felnőtt válaszra cseréltük.;;;"PARENTING_META: Kapcsolódó általános forrás; nem az adott játék hatásának igazolása | AMS_CORE: Kapcsolódó általános forrás; nem az adott játék hatásának igazolása"
A120;Saját könyv készítése;5-6 év;Biztonsági pontosítás szükséges;BIZTONSÁG;"Az összetűzött lapok kapcsa sérülést okozhat; a kötést a felnőtt készítse sérülésmentes módon.";Pontosítva;Az eredeti eszköz vagy leírás biztonságosabb változatra cserélődött. | Az eredeti eszközváltozat URL-jét eltávolítottuk, mert nem igazolná a javított változatot.;;;"BOOK_READING_META: Kapcsolódó általános forrás; nem az adott játék hatásának igazolása | GUIDED_PLAY_META: Kapcsolódó általános forrás; nem az adott játék hatásának igazolása | A korábbi eszközváltozat közvetlen URL-jét eltávolítottuk; a felsorolt ID-k legfeljebb általános kontextust adnak."
A121;Nagy formák illesztése;3-4 év;Biztonsági pontosítás szükséges;"BIZTONSÁG; FORRÁS SZEREPE";"A golyó, kupak, pompon, dugó, pálcika vagy kis tartozék mérete nincs megadva; a szájba vehető/leváló részek veszélye miatt életkornak megfelelő, egyben maradó eszközt kell választani. | A hivatkozás között kereskedelmi vagy pedagógiai ötletforrás van; ez nem igazolja az életkori besorolást és a kártyán leírt várható viselkedést. A fő oldalon ezt külön kell jelölni.";Pontosítva;A kereskedelmi/pedagógiai hivatkozást a felületen ötletforrásként címkézzük. | Az eredeti eszköz vagy leírás biztonságosabb változatra cserélődött. | Az eredeti eszközváltozat URL-jét eltávolítottuk, mert nem igazolná a javított változatot.;;;"MONTESSORI_ACADEMY: Pedagógiai/kereskedelmi ötletforrás | LILLARD_PRIMARY: Kapcsolódó általános forrás; nem az adott játék hatásának igazolása | A korábbi eszközváltozat közvetlen URL-jét eltávolítottuk; a felsorolt ID-k legfeljebb általános kontextust adnak."
A122;Kész, zárt hangadó játékok összehasonlítása;4-5 év;Biztonsági pontosítás szükséges;"BIZTONSÁG; FORRÁS SZEREPE";"Rizzsel/babbal/kaviccsal töltött házi doboz szerepel; felnyíláskor a töltet lenyelhető. Csak megbízhatóan zárt, sértetlen eszköz jöhet szóba. | A hivatkozás között kereskedelmi vagy pedagógiai ötletforrás van; ez nem igazolja az életkori besorolást és a kártyán leírt várható viselkedést. A fő oldalon ezt külön kell jelölni.";Pontosítva;A kereskedelmi/pedagógiai hivatkozást a felületen ötletforrásként címkézzük. | Az eredeti eszköz vagy leírás biztonságosabb változatra cserélődött. | Az eredeti eszközváltozat URL-jét eltávolítottuk, mert nem igazolná a javított változatot.;;;"AMS_CORE: Kapcsolódó általános forrás; nem az adott játék hatásának igazolása | MONTESSORI_ACADEMY: Pedagógiai/kereskedelmi ötletforrás | A korábbi eszközváltozat közvetlen URL-jét eltávolítottuk; a felsorolt ID-k legfeljebb általános kontextust adnak."
A123;Ismerős illatok megnevezése;4-5 év;Biztonsági pontosítás szükséges;"BIZTONSÁG; FORRÁS SZEREPE";"Fahéj/kávé/citrom illatú kis tégelyek szerepelnek; irritáció, allergia és felnyíló tégely lehetősége miatt egyéni ellenőrzés kell. | A hivatkozás között kereskedelmi vagy pedagógiai ötletforrás van; ez nem igazolja az életkori besorolást és a kártyán leírt várható viselkedést. A fő oldalon ezt külön kell jelölni.";Pontosítva;A kereskedelmi/pedagógiai hivatkozást a felületen ötletforrásként címkézzük. | Az eredeti eszköz vagy leírás biztonságosabb változatra cserélődött. | A hiányzó konkrét biztonsági feltételt a lépésekhez és külön figyelmeztetéshez adtuk. | Az eredeti eszközváltozat URL-jét eltávolítottuk, mert nem igazolná a javított változatot.;"Ha ismert allergia, illatérzékenység vagy irritáció van, hagyjátok ki; a gyermek orrához ne tartsd közel az anyagot.";;"AMS_CORE: Kapcsolódó általános forrás; nem az adott játék hatásának igazolása | MONTESSORI_ACADEMY: Pedagógiai/kereskedelmi ötletforrás | A korábbi eszközváltozat közvetlen URL-jét eltávolítottuk; a felsorolt ID-k legfeljebb általános kontextust adnak."
A124;Durva finom súly: baric táblák otthon;5-6 év;Forráshivatkozás tisztázandó;FORRÁS SZEREPE;"A hivatkozás között kereskedelmi vagy pedagógiai ötletforrás van; ez nem igazolja az életkori besorolást és a kártyán leírt várható viselkedést. A fő oldalon ezt külön kell jelölni.";Pontosítva;A kereskedelmi/pedagógiai hivatkozást a felületen ötletforrásként címkézzük.;;;"AMS_CORE: Kapcsolódó általános forrás; nem az adott játék hatásának igazolása | MONTESSORI_ACADEMY: Pedagógiai/kereskedelmi ötletforrás | TUMMY_REVIEW_2020: Kapcsolódó általános forrás; nem az adott játék hatásának igazolása | WHO_24H_2019: Kapcsolódó általános forrás; nem az adott játék hatásának igazolása | AAP_SLEEP_2022: Kapcsolódó általános forrás; nem az adott játék hatásának igazolása"
A125;Homokpapír számok tapintása;3-4 év;Tartalmi pontosítás szükséges;"ÉLETKORI ILLESZKEDÉS; FORRÁS SZEREPE";"A feladat és/vagy a „figyeld, tudja-e” kérdés a megadott életkori sávban iskolás jellegű teljesítményelvárásnak tűnhet. Az érdeklődéstől és meglévő készségtől függő, választható játékként kell átfogalmazni; a kor nem tesztküszöb. | A hivatkozás között kereskedelmi vagy pedagógiai ötletforrás van; ez nem igazolja az életkori besorolást és a kártyán leírt várható viselkedést. A fő oldalon ezt külön kell jelölni.";Pontosítva;"Az életkori besorolásból nem lesz képességmérce; a megfigyelési és nehezítési mondatot átfogalmaztuk. | A kereskedelmi/pedagógiai hivatkozást a felületen ötletforrásként címkézzük.";;"A megadott kor csak keresési támpont. Kínáld fel, ha a gyermek érdeklődik és a szükséges előkészségek már megvannak; a feladat teljesítése nem életkori elvárás.";"AMS_CORE: Kapcsolódó általános forrás; nem az adott játék hatásának igazolása | MONTESSORI_ACADEMY: Pedagógiai/kereskedelmi ötletforrás | HOME_MATH: Kapcsolódó általános forrás; nem az adott játék hatásának igazolása"
A126;Orsós doboz otthoni verzió;4-5 év;Biztonsági pontosítás szükséges;"BIZTONSÁG; ÉLETKORI ILLESZKEDÉS; FORRÁS SZEREPE";"A golyó, kupak, pompon, dugó, pálcika vagy kis tartozék mérete nincs megadva; a szájba vehető/leváló részek veszélye miatt életkornak megfelelő, egyben maradó eszközt kell választani. | A feladat és/vagy a „figyeld, tudja-e” kérdés a megadott életkori sávban iskolás jellegű teljesítményelvárásnak tűnhet. Az érdeklődéstől és meglévő készségtől függő, választható játékként kell átfogalmazni; a kor nem tesztküszöb. | A hivatkozás között kereskedelmi vagy pedagógiai ötletforrás van; ez nem igazolja az életkori besorolást és a kártyán leírt várható viselkedést. A fő oldalon ezt külön kell jelölni.";Pontosítva;"Az életkori besorolásból nem lesz képességmérce; a megfigyelési és nehezítési mondatot átfogalmaztuk. | A kereskedelmi/pedagógiai hivatkozást a felületen ötletforrásként címkézzük. | A hiányzó konkrét biztonsági feltételt a lépésekhez és külön figyelmeztetéshez adtuk.";"Pálcika helyett nagy, tompa és nem lenyelhető darabokat használj; kisebb testvér hozzáférését is vedd figyelembe.";"A megadott kor csak keresési támpont. Kínáld fel, ha a gyermek érdeklődik és a szükséges előkészségek már megvannak; a feladat teljesítése nem életkori elvárás.";"AMS_CORE: Kapcsolódó általános forrás; nem az adott játék hatásának igazolása | MONTESSORI_ACADEMY: Pedagógiai/kereskedelmi ötletforrás | HOME_MATH: Kapcsolódó általános forrás; nem az adott játék hatásának igazolása"
A127;Csendes könyvkészítés érzelem témában;4-5 év;Tartalmi pontosítás szükséges;KAPCSOLAT ÉS ELVÁRÁS;A szöveg könnyen szabállyá vagy viselkedési próbává válhat (érzelem megnevezése, várakozás, önjavítás, csendes idő, jóvátétel). A felnőtt rugalmas válaszát és a gyermek jogát a segítséghez pontosítani kell.;Pontosítva;A kapcsolatot teljesítménnyé tevő megfogalmazásokat rugalmas felnőtt válaszra cseréltük.;;;"PARENTING_META: Kapcsolódó általános forrás; nem az adott játék hatásának igazolása | DIAMOND_EF: Kapcsolódó általános forrás; nem az adott játék hatásának igazolása"
A128;Háromlépéses kísérlet: jég olvadása;4-5 év;Biztonsági pontosítás szükséges;"BIZTONSÁG; FORRÁS SZEREPE";"Kés, sütés vagy jég/só szerepelhet; az eredeti leírás nem különíti el elég pontosan a felnőtt által végzendő lépéseket és a biztonságos eszközöket. | A hivatkozás között kereskedelmi vagy pedagógiai ötletforrás van; ez nem igazolja az életkori besorolást és a kártyán leírt várható viselkedést. A fő oldalon ezt külön kell jelölni.";Pontosítva;A kereskedelmi/pedagógiai hivatkozást a felületen ötletforrásként címkézzük. | A hiányzó konkrét biztonsági feltételt a lépésekhez és külön figyelmeztetéshez adtuk.;"A sót csak felnőtt adagolja és ne legyen kóstolható játékanyag; a jég ne kerüljön a szájba.";;"GUIDED_PLAY_META: Kapcsolódó általános forrás; nem az adott játék hatásának igazolása | MONTESSORI_ACADEMY: Pedagógiai/kereskedelmi ötletforrás"
A129;Gombolás valós kabáton indulás nélkül;3-4 év;Nincs külön jelölt probléma;;;Nincs célzott módosítás;Az első körben nem volt célzott javítás.;;;"AMS_CORE: Kapcsolódó általános forrás; nem az adott játék hatásának igazolása | LILLARD_PRIMARY: Kapcsolódó általános forrás; nem az adott játék hatásának igazolása"
A130;Mozgásos hangvadászat;5-6 év;Tartalmi pontosítás szükséges;ÉLETKORI ILLESZKEDÉS;"A feladat és/vagy a „figyeld, tudja-e” kérdés a megadott életkori sávban iskolás jellegű teljesítményelvárásnak tűnhet. Az érdeklődéstől és meglévő készségtől függő, választható játékként kell átfogalmazni; a kor nem tesztküszöb.";Pontosítva;"Az életkori besorolásból nem lesz képességmérce; a megfigyelési és nehezítési mondatot átfogalmaztuk.";;"A megadott kor csak keresési támpont. Kínáld fel, ha a gyermek érdeklődik és a szükséges előkészségek már megvannak; a feladat teljesítése nem életkori elvárás.";"BOOK_READING_META: Kapcsolódó általános forrás; nem az adott játék hatásának igazolása | MOVEMENT_META: Kapcsolódó általános forrás; nem az adott játék hatásának igazolása | DIAMOND_EF: Kapcsolódó általános forrás; nem az adott játék hatásának igazolása"
A131;Vonalon járás kis tárggyal;3-4 év;Forráshivatkozás tisztázandó;FORRÁS SZEREPE;"A hivatkozás között kereskedelmi vagy pedagógiai ötletforrás van; ez nem igazolja az életkori besorolást és a kártyán leírt várható viselkedést. A fő oldalon ezt külön kell jelölni.";Pontosítva;A kereskedelmi/pedagógiai hivatkozást a felületen ötletforrásként címkézzük.;;;"MONTESSORI_METHOD: Kapcsolódó általános forrás; nem az adott játék hatásának igazolása | CUSHMAN_BOOK: Pedagógiai/kereskedelmi ötletforrás | DIAMOND_EF: Kapcsolódó általános forrás; nem az adott játék hatásának igazolása"
A132;Csendjáték: meghallom a nevem;3-4 év;Tartalmi pontosítás szükséges;"KAPCSOLAT ÉS ELVÁRÁS; FORRÁS SZEREPE";"A szöveg könnyen szabállyá vagy viselkedési próbává válhat (érzelem megnevezése, várakozás, önjavítás, csendes idő, jóvátétel). A felnőtt rugalmas válaszát és a gyermek jogát a segítséghez pontosítani kell. | A hivatkozás között kereskedelmi vagy pedagógiai ötletforrás van; ez nem igazolja az életkori besorolást és a kártyán leírt várható viselkedést. A fő oldalon ezt külön kell jelölni.";Pontosítva;A kapcsolatot teljesítménnyé tevő megfogalmazásokat rugalmas felnőtt válaszra cseréltük. | A kereskedelmi/pedagógiai hivatkozást a felületen ötletforrásként címkézzük.;;;"MONTESSORI_METHOD: Kapcsolódó általános forrás; nem az adott játék hatásának igazolása | CUSHMAN_BOOK: Pedagógiai/kereskedelmi ötletforrás | DIAMOND_EF: Kapcsolódó általános forrás; nem az adott játék hatásának igazolása"
A133;Öltözködési részfeladat: cipzár és patent;2-3 év;Forráshivatkozás tisztázandó;FORRÁS SZEREPE;"A hivatkozás között kereskedelmi vagy pedagógiai ötletforrás van; ez nem igazolja az életkori besorolást és a kártyán leírt várható viselkedést. A fő oldalon ezt külön kell jelölni.";Pontosítva;A kereskedelmi/pedagógiai hivatkozást a felületen ötletforrásként címkézzük.;;;"MONTESSORI_METHOD: Kapcsolódó általános forrás; nem az adott játék hatásának igazolása | CUSHMAN_BOOK: Pedagógiai/kereskedelmi ötletforrás"
A134;Asztalterítés alátét-kontúrokkal;2-3 év;Forráshivatkozás tisztázandó;FORRÁS SZEREPE;"A hivatkozás között kereskedelmi vagy pedagógiai ötletforrás van; ez nem igazolja az életkori besorolást és a kártyán leírt várható viselkedést. A fő oldalon ezt külön kell jelölni.";Pontosítva;A kereskedelmi/pedagógiai hivatkozást a felületen ötletforrásként címkézzük.;;;"MONTESSORI_METHOD: Kapcsolódó általános forrás; nem az adott játék hatásának igazolása | CUSHMAN_BOOK: Pedagógiai/kereskedelmi ötletforrás"
A135;Száraz törlés otthoni változatban;3-4 év;Biztonsági pontosítás szükséges;"BIZTONSÁG; FORRÁS SZEREPE";"A „természetes polírozó” összetétele nincs meghatározva; vegyszer nélkül, száraz ronggyal történő változatot kell előnyben részesíteni. | A hivatkozás között kereskedelmi vagy pedagógiai ötletforrás van; ez nem igazolja az életkori besorolást és a kártyán leírt várható viselkedést. A fő oldalon ezt külön kell jelölni.";Pontosítva;A kereskedelmi/pedagógiai hivatkozást a felületen ötletforrásként címkézzük. | Az eredeti eszköz vagy leírás biztonságosabb változatra cserélődött. | Az eredeti eszközváltozat URL-jét eltávolítottuk, mert nem igazolná a javított változatot.;;;"MONTESSORI_METHOD: Kapcsolódó általános forrás; nem az adott játék hatásának igazolása | CUSHMAN_BOOK: Pedagógiai/kereskedelmi ötletforrás | A korábbi eszközváltozat közvetlen URL-jét eltávolítottuk; a felsorolt ID-k legfeljebb általános kontextust adnak."
A136;Kézmosás képes sorrenddel;2-3 év;Forráshivatkozás tisztázandó;FORRÁS SZEREPE;"A hivatkozás között kereskedelmi vagy pedagógiai ötletforrás van; ez nem igazolja az életkori besorolást és a kártyán leírt várható viselkedést. A fő oldalon ezt külön kell jelölni.";Pontosítva;A kereskedelmi/pedagógiai hivatkozást a felületen ötletforrásként címkézzük.;;;"MONTESSORI_METHOD: Kapcsolódó általános forrás; nem az adott játék hatásának igazolása | CUSHMAN_BOOK: Pedagógiai/kereskedelmi ötletforrás"
A137;Tapintó zsák: tárgykeresés látás nélkül;3-4 év;Biztonsági pontosítás szükséges;"BIZTONSÁG; FORRÁS SZEREPE";"A golyó, kupak, pompon, dugó, pálcika vagy kis tartozék mérete nincs megadva; a szájba vehető/leváló részek veszélye miatt életkornak megfelelő, egyben maradó eszközt kell választani. | A hivatkozás között kereskedelmi vagy pedagógiai ötletforrás van; ez nem igazolja az életkori besorolást és a kártyán leírt várható viselkedést. A fő oldalon ezt külön kell jelölni.";Pontosítva;A kereskedelmi/pedagógiai hivatkozást a felületen ötletforrásként címkézzük. | Az eredeti eszköz vagy leírás biztonságosabb változatra cserélődött.;;;"MONTESSORI_METHOD: Kapcsolódó általános forrás; nem az adott játék hatásának igazolása | CUSHMAN_BOOK: Pedagógiai/kereskedelmi ötletforrás"
A138;Anyagpárosítás: durva, sima, puha;3-4 év;Forráshivatkozás tisztázandó;FORRÁS SZEREPE;"A hivatkozás között kereskedelmi vagy pedagógiai ötletforrás van; ez nem igazolja az életkori besorolást és a kártyán leírt várható viselkedést. A fő oldalon ezt külön kell jelölni.";Pontosítva;A kereskedelmi/pedagógiai hivatkozást a felületen ötletforrásként címkézzük.;;;"MONTESSORI_METHOD: Kapcsolódó általános forrás; nem az adott játék hatásának igazolása | CUSHMAN_BOOK: Pedagógiai/kereskedelmi ötletforrás"
A139;Hűvös és szobahőmérsékletű tárgyak tapintása;4-5 év;Biztonsági pontosítás szükséges;BIZTONSÁG;"Langyos/hűvös vízzel töltött palackok szerepelnek; a hőmérséklet és a zárás épsége előre ellenőrzendő.";Pontosítva;Az eredeti eszköz vagy leírás biztonságosabb változatra cserélődött. | Az eredeti eszközváltozat URL-jét eltávolítottuk, mert nem igazolná a javított változatot.;;;"MONTESSORI_METHOD: Kapcsolódó általános forrás; nem az adott játék hatásának igazolása | A korábbi eszközváltozat közvetlen URL-jét eltávolítottuk; a felsorolt ID-k legfeljebb általános kontextust adnak."
A140;Színárnyalat-sorozat festékmintákkal;4-5 év;Forráshivatkozás tisztázandó;FORRÁS SZEREPE;"A hivatkozás között kereskedelmi vagy pedagógiai ötletforrás van; ez nem igazolja az életkori besorolást és a kártyán leírt várható viselkedést. A fő oldalon ezt külön kell jelölni.";Pontosítva;A kereskedelmi/pedagógiai hivatkozást a felületen ötletforrásként címkézzük.;;;"MONTESSORI_METHOD: Kapcsolódó általános forrás; nem az adott játék hatásának igazolása | CUSHMAN_BOOK: Pedagógiai/kereskedelmi ötletforrás"
A141;Geometriai testek tapintása és megnevezése;4-5 év;Nincs külön jelölt probléma;;;Nincs célzott módosítás;Az első körben nem volt célzott javítás.;;;"MONTESSORI_METHOD: Kapcsolódó általános forrás; nem az adott játék hatásának igazolása | SPATIAL_META: Kapcsolódó általános forrás; nem az adott játék hatásának igazolása"
A142;Geometriai forma-vadászat a lakásban;4-5 év;Nincs külön jelölt probléma;;;Nincs célzott módosítás;Az első körben nem volt célzott javítás.;;;"MONTESSORI_METHOD: Kapcsolódó általános forrás; nem az adott játék hatásának igazolása | SPATIAL_META: Kapcsolódó általános forrás; nem az adott játék hatásának igazolása"
A143;Fémbetét ihletésű rajzolás;4-5 év;Forráshivatkozás tisztázandó;FORRÁS SZEREPE;"A hivatkozás között kereskedelmi vagy pedagógiai ötletforrás van; ez nem igazolja az életkori besorolást és a kártyán leírt várható viselkedést. A fő oldalon ezt külön kell jelölni.";Pontosítva;A kereskedelmi/pedagógiai hivatkozást a felületen ötletforrásként címkézzük.;;;"MONTESSORI_METHOD: Kapcsolódó általános forrás; nem az adott játék hatásának igazolása | CUSHMAN_BOOK: Pedagógiai/kereskedelmi ötletforrás"
A144;Homokpapír betű hanggal, nem betűnévvel;4-5 év;Tartalmi pontosítás szükséges;"ÉLETKORI ILLESZKEDÉS; FORRÁS SZEREPE";"A feladat és/vagy a „figyeld, tudja-e” kérdés a megadott életkori sávban iskolás jellegű teljesítményelvárásnak tűnhet. Az érdeklődéstől és meglévő készségtől függő, választható játékként kell átfogalmazni; a kor nem tesztküszöb. | A hivatkozás között kereskedelmi vagy pedagógiai ötletforrás van; ez nem igazolja az életkori besorolást és a kártyán leírt várható viselkedést. A fő oldalon ezt külön kell jelölni.";Pontosítva;"Az életkori besorolásból nem lesz képességmérce; a megfigyelési és nehezítési mondatot átfogalmaztuk. | A kereskedelmi/pedagógiai hivatkozást a felületen ötletforrásként címkézzük.";;"A megadott kor csak keresési támpont. Kínáld fel, ha a gyermek érdeklődik és a szükséges előkészségek már megvannak; a feladat teljesítése nem életkori elvárás.";"MONTESSORI_METHOD: Kapcsolódó általános forrás; nem az adott játék hatásának igazolása | CUSHMAN_BOOK: Pedagógiai/kereskedelmi ötletforrás | BOOK_READING_META: Kapcsolódó általános forrás; nem az adott játék hatásának igazolása"
A145;Mozgatható ábécé tárgycímkézéshez;5-6 év;Tartalmi pontosítás szükséges;"ÉLETKORI ILLESZKEDÉS; FORRÁS SZEREPE";"A feladat és/vagy a „figyeld, tudja-e” kérdés a megadott életkori sávban iskolás jellegű teljesítményelvárásnak tűnhet. Az érdeklődéstől és meglévő készségtől függő, választható játékként kell átfogalmazni; a kor nem tesztküszöb. | A hivatkozás között kereskedelmi vagy pedagógiai ötletforrás van; ez nem igazolja az életkori besorolást és a kártyán leírt várható viselkedést. A fő oldalon ezt külön kell jelölni.";Pontosítva;"Az életkori besorolásból nem lesz képességmérce; a megfigyelési és nehezítési mondatot átfogalmaztuk. | A szavak önálló kirakását nem feltételezzük. | A kereskedelmi/pedagógiai hivatkozást a felületen ötletforrásként címkézzük.";;"A megadott kor csak keresési támpont. Kínáld fel, ha a gyermek érdeklődik és a szükséges előkészségek már megvannak; a feladat teljesítése nem életkori elvárás.";"MONTESSORI_METHOD: Kapcsolódó általános forrás; nem az adott játék hatásának igazolása | CUSHMAN_BOOK: Pedagógiai/kereskedelmi ötletforrás | BOOK_READING_META: Kapcsolódó általános forrás; nem az adott játék hatásának igazolása"
A146;Cselekvéskártya közös olvasással;5-6 év;Tartalmi pontosítás szükséges;ÉLETKORI ILLESZKEDÉS;"A feladat és/vagy a „figyeld, tudja-e” kérdés a megadott életkori sávban iskolás jellegű teljesítményelvárásnak tűnhet. Az érdeklődéstől és meglévő készségtől függő, választható játékként kell átfogalmazni; a kor nem tesztküszöb.";Pontosítva;"Az életkori besorolásból nem lesz képességmérce; a megfigyelési és nehezítési mondatot átfogalmaztuk. | Az iskolás fogalom elvárt elsajátítását az érdeklődés szerinti játékra cseréltük. | Az önálló olvasás feltételezését eltávolítottuk.";;"A megadott kor csak keresési támpont. Kínáld fel, ha a gyermek érdeklődik és a szükséges előkészségek már megvannak; a feladat teljesítése nem életkori elvárás.";"MONTESSORI_ELEMENTARY: Kapcsolódó általános forrás; nem az adott játék hatásának igazolása | MONTESSORI_METHOD: Kapcsolódó általános forrás; nem az adott játék hatásának igazolása"
A147;Főnév-címkézés valós tárgyakkal;5-6 év;Tartalmi pontosítás szükséges;ÉLETKORI ILLESZKEDÉS;"A feladat és/vagy a „figyeld, tudja-e” kérdés a megadott életkori sávban iskolás jellegű teljesítményelvárásnak tűnhet. Az érdeklődéstől és meglévő készségtől függő, választható játékként kell átfogalmazni; a kor nem tesztküszöb.";Pontosítva;"Az életkori besorolásból nem lesz képességmérce; a megfigyelési és nehezítési mondatot átfogalmaztuk.";;"A megadott kor csak keresési támpont. Kínáld fel, ha a gyermek érdeklődik és a szükséges előkészségek már megvannak; a feladat teljesítése nem életkori elvárás.";"MONTESSORI_ELEMENTARY: Kapcsolódó általános forrás; nem az adott játék hatásának igazolása"
A148;Melléknév-játék: milyen a tárgy?;5-6 év;Forráshivatkozás tisztázandó;FORRÁS SZEREPE;"A hivatkozás között kereskedelmi vagy pedagógiai ötletforrás van; ez nem igazolja az életkori besorolást és a kártyán leírt várható viselkedést. A fő oldalon ezt külön kell jelölni.";Pontosítva;A kereskedelmi/pedagógiai hivatkozást a felületen ötletforrásként címkézzük.;;;"MONTESSORI_ELEMENTARY: Kapcsolódó általános forrás; nem az adott játék hatásának igazolása | CUSHMAN_BOOK: Pedagógiai/kereskedelmi ötletforrás"
A149;Ige-parancsok mozgással;4-5 év;Nincs külön jelölt probléma;;;Nincs célzott módosítás;Az első körben nem volt célzott javítás.;;;"MONTESSORI_ELEMENTARY: Kapcsolódó általános forrás; nem az adott játék hatásának igazolása | GUIDED_PLAY_META: Kapcsolódó általános forrás; nem az adott játék hatásának igazolása"
A150;Elöljárószó-játék: alatt, fölött, mellett;4-5 év;Biztonsági pontosítás szükséges;BIZTONSÁG;"A figura, tüske, rúd, fedő, csengő vagy háztartási alkatrész mérete/rögzítése nincs pontosan megadva; a szájba vehető vagy leváló részt ki kell zárni, különösen kisgyermeknél.";Pontosítva;A hiányzó konkrét biztonsági feltételt a lépésekhez és külön figyelmeztetéshez adtuk.;"A figura helyett nagyméretű játékot vagy a saját testet használjátok; kis darab ne maradjon elérhető kisebb testvérnek.";;"MONTESSORI_ELEMENTARY: Kapcsolódó általános forrás; nem az adott játék hatásának igazolása | SPATIAL_META: Kapcsolódó általános forrás; nem az adott játék hatásának igazolása"
A151;Szócsalád-gyűjtés képekkel;5-6 év;Tartalmi pontosítás szükséges;ÉLETKORI ILLESZKEDÉS;"A feladat és/vagy a „figyeld, tudja-e” kérdés a megadott életkori sávban iskolás jellegű teljesítményelvárásnak tűnhet. Az érdeklődéstől és meglévő készségtől függő, választható játékként kell átfogalmazni; a kor nem tesztküszöb.";Pontosítva;"Az életkori besorolásból nem lesz képességmérce; a megfigyelési és nehezítési mondatot átfogalmaztuk.";;"A megadott kor csak keresési támpont. Kínáld fel, ha a gyermek érdeklődik és a szükséges előkészségek már megvannak; a feladat teljesítése nem életkori elvárás.";"MONTESSORI_ELEMENTARY: Kapcsolódó általános forrás; nem az adott játék hatásának igazolása"
A152;Számrudak lépcsője 1-től 10-ig;3-4 év;Tartalmi pontosítás szükséges;ÉLETKORI ILLESZKEDÉS;"A feladat és/vagy a „figyeld, tudja-e” kérdés a megadott életkori sávban iskolás jellegű teljesítményelvárásnak tűnhet. Az érdeklődéstől és meglévő készségtől függő, választható játékként kell átfogalmazni; a kor nem tesztküszöb.";Pontosítva;"Az életkori besorolásból nem lesz képességmérce; a megfigyelési és nehezítési mondatot átfogalmaztuk.";;"A megadott kor csak keresési támpont. Kínáld fel, ha a gyermek érdeklődik és a szükséges előkészségek már megvannak; a feladat teljesítése nem életkori elvárás.";"MONTESSORI_METHOD: Kapcsolódó általános forrás; nem az adott játék hatásának igazolása | HOME_MATH: Kapcsolódó általános forrás; nem az adott játék hatásának igazolása"
A153;Páros-páratlan tárgykirakás;5-6 év;Biztonsági pontosítás szükséges;BIZTONSÁG;"A golyó, kupak, pompon, dugó, pálcika vagy kis tartozék mérete nincs megadva; a szájba vehető/leváló részek veszélye miatt életkornak megfelelő, egyben maradó eszközt kell választani.";Pontosítva;Az eredeti eszköz vagy leírás biztonságosabb változatra cserélődött. | Az eredeti eszközváltozat URL-jét eltávolítottuk, mert nem igazolná a javított változatot.;;;"MONTESSORI_METHOD: Kapcsolódó általános forrás; nem az adott játék hatásának igazolása | HOME_MATH: Kapcsolódó általános forrás; nem az adott játék hatásának igazolása | A korábbi eszközváltozat közvetlen URL-jét eltávolítottuk; a felsorolt ID-k legfeljebb általános kontextust adnak."
A154;Tízes váltás gyöngyökkel vagy legóval;5-6 év;Biztonsági pontosítás szükséges;"BIZTONSÁG; ÉLETKORI ILLESZKEDÉS";"A golyó, kupak, pompon, dugó, pálcika vagy kis tartozék mérete nincs megadva; a szájba vehető/leváló részek veszélye miatt életkornak megfelelő, egyben maradó eszközt kell választani. | A feladat és/vagy a „figyeld, tudja-e” kérdés a megadott életkori sávban iskolás jellegű teljesítményelvárásnak tűnhet. Az érdeklődéstől és meglévő készségtől függő, választható játékként kell átfogalmazni; a kor nem tesztküszöb.";Pontosítva;"Az életkori besorolásból nem lesz képességmérce; a megfigyelési és nehezítési mondatot átfogalmaztuk. | Az eredeti eszköz vagy leírás biztonságosabb változatra cserélődött. | Az eredeti eszközváltozat URL-jét eltávolítottuk, mert nem igazolná a javított változatot.";;"A megadott kor csak keresési támpont. Kínáld fel, ha a gyermek érdeklődik és a szükséges előkészségek már megvannak; a feladat teljesítése nem életkori elvárás.";"MONTESSORI_METHOD: Kapcsolódó általános forrás; nem az adott játék hatásának igazolása | MONTESSORI_ELEMENTARY: Kapcsolódó általános forrás; nem az adott játék hatásának igazolása | HOME_MATH: Kapcsolódó általános forrás; nem az adott játék hatásának igazolása | A korábbi eszközváltozat közvetlen URL-jét eltávolítottuk; a felsorolt ID-k legfeljebb általános kontextust adnak."
A155;Papírhajtogatás: egész és darabok;5-6 év;Tartalmi pontosítás szükséges;ÉLETKORI ILLESZKEDÉS;"A feladat és/vagy a „figyeld, tudja-e” kérdés a megadott életkori sávban iskolás jellegű teljesítményelvárásnak tűnhet. Az érdeklődéstől és meglévő készségtől függő, választható játékként kell átfogalmazni; a kor nem tesztküszöb.";Pontosítva;"Az életkori besorolásból nem lesz képességmérce; a megfigyelési és nehezítési mondatot átfogalmaztuk. | Az iskolás fogalom elvárt elsajátítását az érdeklődés szerinti játékra cseréltük. | A törtfogalom és a harmadolás elvárása megszűnt.";;"A megadott kor csak keresési támpont. Kínáld fel, ha a gyermek érdeklődik és a szükséges előkészségek már megvannak; a feladat teljesítése nem életkori elvárás.";"MONTESSORI_ELEMENTARY: Kapcsolódó általános forrás; nem az adott játék hatásának igazolása | SPATIAL_META: Kapcsolódó általános forrás; nem az adott játék hatásának igazolása | HOME_MATH: Kapcsolódó általános forrás; nem az adott játék hatásának igazolása"
A156;Tárgyak kis csoportokban;5-6 év;Biztonsági pontosítás szükséges;"BIZTONSÁG; ÉLETKORI ILLESZKEDÉS";"A golyó, kupak, pompon, dugó, pálcika vagy kis tartozék mérete nincs megadva; a szájba vehető/leváló részek veszélye miatt életkornak megfelelő, egyben maradó eszközt kell választani. | A feladat és/vagy a „figyeld, tudja-e” kérdés a megadott életkori sávban iskolás jellegű teljesítményelvárásnak tűnhet. Az érdeklődéstől és meglévő készségtől függő, választható játékként kell átfogalmazni; a kor nem tesztküszöb.";Pontosítva;"Az életkori besorolásból nem lesz képességmérce; a megfigyelési és nehezítési mondatot átfogalmaztuk. | Az iskolás fogalom elvárt elsajátítását az érdeklődés szerinti játékra cseréltük. | A „szorzás” mint cél kikerült a címből. | Az eredeti eszköz vagy leírás biztonságosabb változatra cserélődött. | Az eredeti eszközváltozat URL-jét eltávolítottuk, mert nem igazolná a javított változatot.";;"A megadott kor csak keresési támpont. Kínáld fel, ha a gyermek érdeklődik és a szükséges előkészségek már megvannak; a feladat teljesítése nem életkori elvárás.";"MONTESSORI_ELEMENTARY: Kapcsolódó általános forrás; nem az adott játék hatásának igazolása | HOME_MATH: Kapcsolódó általános forrás; nem az adott játék hatásának igazolása | A korábbi eszközváltozat közvetlen URL-jét eltávolítottuk; a felsorolt ID-k legfeljebb általános kontextust adnak."
A157;Mértani betétből díszítő minta;5-6 év;Nincs külön jelölt probléma;;;Nincs célzott módosítás;Az első körben nem volt célzott javítás.;;;"MONTESSORI_ELEMENTARY: Kapcsolódó általános forrás; nem az adott játék hatásának igazolása | MONTESSORI_METHOD: Kapcsolódó általános forrás; nem az adott játék hatásának igazolása"
A158;Rajz élő modell után: növény vagy tárgy;5-6 év;Forráshivatkozás tisztázandó;FORRÁS SZEREPE;"A hivatkozás között kereskedelmi vagy pedagógiai ötletforrás van; ez nem igazolja az életkori besorolást és a kártyán leírt várható viselkedést. A fő oldalon ezt külön kell jelölni.";Pontosítva;A kereskedelmi/pedagógiai hivatkozást a felületen ötletforrásként címkézzük.;;;"MONTESSORI_ELEMENTARY: Kapcsolódó általános forrás; nem az adott játék hatásának igazolása | CUSHMAN_BOOK: Pedagógiai/kereskedelmi ötletforrás"
A159;Háromrészes kártyák saját témából;4-5 év;Tartalmi pontosítás szükséges;"ÉLETKORI ILLESZKEDÉS; FORRÁS SZEREPE";"A feladat és/vagy a „figyeld, tudja-e” kérdés a megadott életkori sávban iskolás jellegű teljesítményelvárásnak tűnhet. Az érdeklődéstől és meglévő készségtől függő, választható játékként kell átfogalmazni; a kor nem tesztküszöb. | A hivatkozás között kereskedelmi vagy pedagógiai ötletforrás van; ez nem igazolja az életkori besorolást és a kártyán leírt várható viselkedést. A fő oldalon ezt külön kell jelölni.";Pontosítva;"Az életkori besorolásból nem lesz képességmérce; a megfigyelési és nehezítési mondatot átfogalmaztuk. | A kereskedelmi/pedagógiai hivatkozást a felületen ötletforrásként címkézzük.";;"A megadott kor csak keresési támpont. Kínáld fel, ha a gyermek érdeklődik és a szükséges előkészségek már megvannak; a feladat teljesítése nem életkori elvárás.";"MONTESSORI_METHOD: Kapcsolódó általános forrás; nem az adott játék hatásának igazolása | CUSHMAN_BOOK: Pedagógiai/kereskedelmi ötletforrás"
A160;Levélforma párosítás és préselés;4-5 év;Biztonsági pontosítás szükséges;"BIZTONSÁG; FORRÁS SZEREPE";"Természetes tárgyak között kavics, termés, levél vagy más szájba kerülő/irritáló darab lehet; a tárgyválasztást, a szájba vételt és a tisztaságot külön ellenőrizni kell. | A hivatkozás között kereskedelmi vagy pedagógiai ötletforrás van; ez nem igazolja az életkori besorolást és a kártyán leírt várható viselkedést. A fő oldalon ezt külön kell jelölni.";Pontosítva;A kereskedelmi/pedagógiai hivatkozást a felületen ötletforrásként címkézzük. | A hiányzó konkrét biztonsági feltételt a lépésekhez és külön figyelmeztetéshez adtuk.;"A gyermek ne vegyen ismeretlen növényi részt a szájába; mérgező/irritáló növényt ne gyűjtsetek.";;"MONTESSORI_METHOD: Kapcsolódó általános forrás; nem az adott játék hatásának igazolása | CUSHMAN_BOOK: Pedagógiai/kereskedelmi ötletforrás"
A161;Föld-víz forma agyagból;4-5 év;Biztonsági pontosítás szükséges;BIZTONSÁG;"Agyag/gyurma és víz szerepel; anyagbiztonság, kézmosás és vizes felület felügyelete szükséges.";Pontosítva;A hiányzó konkrét biztonsági feltételt a lépésekhez és külön figyelmeztetéshez adtuk.;"Gyermeknek való, ismert összetételű gyurmát, kevés vizet és felnőtt felügyeletet használjatok; kézmosás utána.";;"MONTESSORI_METHOD: Kapcsolódó általános forrás; nem az adott játék hatásának igazolása | SPATIAL_META: Kapcsolódó általános forrás; nem az adott játék hatásának igazolása"
A162;Hibakereső kártya: mi nincs a helyén?;3-4 év;Forráshivatkozás tisztázandó;FORRÁS SZEREPE;"A hivatkozás között kereskedelmi vagy pedagógiai ötletforrás van; ez nem igazolja az életkori besorolást és a kártyán leírt várható viselkedést. A fő oldalon ezt külön kell jelölni.";Pontosítva;A kereskedelmi/pedagógiai hivatkozást a felületen ötletforrásként címkézzük.;;;"CUSHMAN_BOOK: Pedagógiai/kereskedelmi ötletforrás | LILLARD_BOOK: Kapcsolódó általános forrás; nem az adott játék hatásának igazolása"
A163;Választótálca két munkával;2-3 év;Tartalmi pontosítás szükséges;"SZÜLŐI TEHER; FORRÁS SZEREPE";"Két előkészített „munka” folyamatos készenlétét írja le; ne sugallja, hogy külön tálcák szükségesek a fejlődéshez. | A hivatkozás között kereskedelmi vagy pedagógiai ötletforrás van; ez nem igazolja az életkori besorolást és a kártyán leírt várható viselkedést. A fő oldalon ezt külön kell jelölni.";Pontosítva;A külön előkészítés opcionális változat lett. | A kereskedelmi/pedagógiai hivatkozást a felületen ötletforrásként címkézzük.;;;"CUSHMAN_BOOK: Pedagógiai/kereskedelmi ötletforrás | LILLARD_BOOK: Kapcsolódó általános forrás; nem az adott játék hatásának igazolása | SELF_DETERMINATION: Kapcsolódó általános forrás; nem az adott játék hatásának igazolása"
A164;Hiba javítása felnőtt modell nélkül;3-4 év;Tartalmi pontosítás szükséges;"KAPCSOLAT ÉS ELVÁRÁS; FORRÁS SZEREPE";"A szöveg könnyen szabállyá vagy viselkedési próbává válhat (érzelem megnevezése, várakozás, önjavítás, csendes idő, jóvátétel). A felnőtt rugalmas válaszát és a gyermek jogát a segítséghez pontosítani kell. | A hivatkozás között kereskedelmi vagy pedagógiai ötletforrás van; ez nem igazolja az életkori besorolást és a kártyán leírt várható viselkedést. A fő oldalon ezt külön kell jelölni.";Pontosítva;A kapcsolatot teljesítménnyé tevő megfogalmazásokat rugalmas felnőtt válaszra cseréltük. | A kereskedelmi/pedagógiai hivatkozást a felületen ötletforrásként címkézzük.;;;"CUSHMAN_BOOK: Pedagógiai/kereskedelmi ötletforrás | GUIDED_PLAY_META: Kapcsolódó általános forrás; nem az adott játék hatásának igazolása | DIAMOND_EF: Kapcsolódó általános forrás; nem az adott játék hatásának igazolása"
A165;Nem siettetős munka: 10 perces saját választás;3-4 év;Tartalmi pontosítás szükséges;"KAPCSOLAT ÉS ELVÁRÁS; FORRÁS SZEREPE";"A szöveg könnyen szabállyá vagy viselkedési próbává válhat (érzelem megnevezése, várakozás, önjavítás, csendes idő, jóvátétel). A felnőtt rugalmas válaszát és a gyermek jogát a segítséghez pontosítani kell. | A hivatkozás között kereskedelmi vagy pedagógiai ötletforrás van; ez nem igazolja az életkori besorolást és a kártyán leírt várható viselkedést. A fő oldalon ezt külön kell jelölni.";Pontosítva;A kapcsolatot teljesítménnyé tevő megfogalmazásokat rugalmas felnőtt válaszra cseréltük. | A kereskedelmi/pedagógiai hivatkozást a felületen ötletforrásként címkézzük.;;;"MONTESSORI_METHOD: Kapcsolódó általános forrás; nem az adott játék hatásának igazolása | CUSHMAN_BOOK: Pedagógiai/kereskedelmi ötletforrás | LILLARD_BOOK: Kapcsolódó általános forrás; nem az adott játék hatásának igazolása"
A166;Könyves kosár a gyermek érdeklődése szerint;18-24 hó;Tartalmi pontosítás szükséges;"PEDAGÓGIAI ELŐFELTEVÉS; FORRÁS SZEREPE";"A „szépség és valóság szerint” cím azt sugallhatja, hogy a fantáziaképek kevésbé megfelelőek; erre itt nincs bemutatott fejlődési bizonyíték. A könyv választását a gyermek érdeklődése is vezesse. | A hivatkozás között kereskedelmi vagy pedagógiai ötletforrás van; ez nem igazolja az életkori besorolást és a kártyán leírt várható viselkedést. A fő oldalon ezt külön kell jelölni.";Pontosítva;A fantáziaképeket alaptalanul hátrányba helyező megfogalmazást javítottuk. | A kereskedelmi/pedagógiai hivatkozást a felületen ötletforrásként címkézzük.;;;"CUSHMAN_BOOK: Pedagógiai/kereskedelmi ötletforrás | BOOK_READING_META: Kapcsolódó általános forrás; nem az adott játék hatásának igazolása"
A167;Megfigyelő mondat és kérdés rugalmasan;2-3 év;Tartalmi pontosítás szükséges;"KAPCSOLAT ÉS ELVÁRÁS; FORRÁS SZEREPE";"A szöveg könnyen szabállyá vagy viselkedési próbává válhat (érzelem megnevezése, várakozás, önjavítás, csendes idő, jóvátétel). A felnőtt rugalmas válaszát és a gyermek jogát a segítséghez pontosítani kell. | A hivatkozás között kereskedelmi vagy pedagógiai ötletforrás van; ez nem igazolja az életkori besorolást és a kártyán leírt várható viselkedést. A fő oldalon ezt külön kell jelölni.";Pontosítva;A kapcsolatot teljesítménnyé tevő megfogalmazásokat rugalmas felnőtt válaszra cseréltük. | A kérdés és a megfigyelő mondat hamis ellentétét feloldottuk. | A kereskedelmi/pedagógiai hivatkozást a felületen ötletforrásként címkézzük.;;;"CUSHMAN_BOOK: Pedagógiai/kereskedelmi ötletforrás | PARENTING_META: Kapcsolódó általános forrás; nem az adott játék hatásának igazolása | GUIDED_PLAY_META: Kapcsolódó általános forrás; nem az adott játék hatásának igazolása"
A168;Kis házimunka választólista;4-5 év;Forráshivatkozás tisztázandó;FORRÁS SZEREPE;"A hivatkozás között kereskedelmi vagy pedagógiai ötletforrás van; ez nem igazolja az életkori besorolást és a kártyán leírt várható viselkedést. A fő oldalon ezt külön kell jelölni.";Pontosítva;A kereskedelmi/pedagógiai hivatkozást a felületen ötletforrásként címkézzük.;;;"CUSHMAN_BOOK: Pedagógiai/kereskedelmi ötletforrás | SELF_DRIVEN: Kapcsolódó általános forrás; nem az adott játék hatásának igazolása | PARENTING_META: Kapcsolódó általános forrás; nem az adott játék hatásának igazolása"
A169;Ismerős dal a gondozás közben;0-3 hó;Tartalmi pontosítás szükséges;"ÉLETKORI ILLESZKEDÉS; FORRÁS SZEREPE";"A leírás várandósság alatti tevékenység, miközben a szűrő 0–3 hónapos csecsemőjátékként sorolja be; külön szülői ötletként vagy születés utáni dalolásként kezelendő. | A hivatkozás között kereskedelmi vagy pedagógiai ötletforrás van; ez nem igazolja az életkori besorolást és a kártyán leírt várható viselkedést. A fő oldalon ezt külön kell jelölni.";Pontosítva;"Az életkori besorolásból nem lesz képességmérce; a megfigyelési és nehezítési mondatot átfogalmaztuk. | A korábbi prenatalis ötletre vonatkozó könyvlinket levettük; a fennmaradó forrás általános kapcsolatintervenció, nem a dal specifikus bizonyítéka. | A kereskedelmi/pedagógiai hivatkozást a felületen ötletforrásként címkézzük. | Az eredeti eszköz vagy leírás biztonságosabb változatra cserélődött.";;"A megadott kor csak keresési támpont. Kínáld fel, ha a gyermek érdeklődik és a szükséges előkészségek már megvannak; a feladat teljesítése nem életkori elvárás.";"PARENTING_META: Kapcsolódó általános forrás; nem az adott játék hatásának igazolása"
A170;Gondozási beszéd: most felemellek;0-3 hó;Forráshivatkozás tisztázandó;FORRÁS SZEREPE;"A hivatkozás között kereskedelmi vagy pedagógiai ötletforrás van; ez nem igazolja az életkori besorolást és a kártyán leírt várható viselkedést. A fő oldalon ezt külön kell jelölni.";Pontosítva;A kereskedelmi/pedagógiai hivatkozást a felületen ötletforrásként címkézzük.;;;"SIMONE_BABY: Pedagógiai/kereskedelmi ötletforrás | PARENTING_META: Kapcsolódó általános forrás; nem az adott játék hatásának igazolása"
A171;Mozgásszőnyeg tükörrel;0-3 hó;Forráshivatkozás tisztázandó;FORRÁS SZEREPE;"A hivatkozás között kereskedelmi vagy pedagógiai ötletforrás van; ez nem igazolja az életkori besorolást és a kártyán leírt várható viselkedést. A fő oldalon ezt külön kell jelölni.";Pontosítva;A kereskedelmi/pedagógiai hivatkozást a felületen ötletforrásként címkézzük.;;;"SIMONE_BABY: Pedagógiai/kereskedelmi ötletforrás | MOVEMENT_META: Kapcsolódó általános forrás; nem az adott játék hatásának igazolása | LILLARD_BOOK: Kapcsolódó általános forrás; nem az adott játék hatásának igazolása"
A172;Felnőtt által tartott kontrasztos kép;0-3 hó;Biztonsági pontosítás szükséges;"BIZTONSÁG; FORRÁS SZEREPE";"Függő mobil szerepel: a rögzítés, az elérhetőség és az alvóhelyen való használat nincs elég pontosan körülhatárolva. Ne lógjon a baba által elérhető helyen; alváshoz ne maradjon ott. | A hivatkozás között kereskedelmi vagy pedagógiai ötletforrás van; ez nem igazolja az életkori besorolást és a kártyán leírt várható viselkedést. A fő oldalon ezt külön kell jelölni.";Pontosítva;A kereskedelmi/pedagógiai hivatkozást a felületen ötletforrásként címkézzük. | Az eredeti eszköz vagy leírás biztonságosabb változatra cserélődött. | Az eredeti eszközváltozat URL-jét eltávolítottuk, mert nem igazolná a javított változatot.;;;"SIMONE_BABY: Pedagógiai/kereskedelmi ötletforrás | LOVEVERY_LOOKER: Pedagógiai/kereskedelmi ötletforrás | A korábbi eszközváltozat közvetlen URL-jét eltávolítottuk; a felsorolt ID-k legfeljebb általános kontextust adnak."
A173;Kéz-szabad öltöztetés és lábfigyelés;0-3 hó;Forráshivatkozás tisztázandó;FORRÁS SZEREPE;"A hivatkozás között kereskedelmi vagy pedagógiai ötletforrás van; ez nem igazolja az életkori besorolást és a kártyán leírt várható viselkedést. A fő oldalon ezt külön kell jelölni.";Pontosítva;A kereskedelmi/pedagógiai hivatkozást a felületen ötletforrásként címkézzük.;;;SIMONE_BABY: Pedagógiai/kereskedelmi ötletforrás
A174;Arcnézés és szájmozgás-beszélgetés;3-6 hó;Forráshivatkozás tisztázandó;FORRÁS SZEREPE;"A hivatkozás között kereskedelmi vagy pedagógiai ötletforrás van; ez nem igazolja az életkori besorolást és a kártyán leírt várható viselkedést. A fő oldalon ezt külön kell jelölni.";Pontosítva;A kereskedelmi/pedagógiai hivatkozást a felületen ötletforrásként címkézzük.;;;"SIMONE_BABY: Pedagógiai/kereskedelmi ötletforrás | BOOK_READING_META: Kapcsolódó általános forrás; nem az adott játék hatásának igazolása"
A175;Grasping toy kosár két tárggyal;3-6 hó;Forráshivatkozás tisztázandó;FORRÁS SZEREPE;"A hivatkozás között kereskedelmi vagy pedagógiai ötletforrás van; ez nem igazolja az életkori besorolást és a kártyán leírt várható viselkedést. A fő oldalon ezt külön kell jelölni.";Pontosítva;A kereskedelmi/pedagógiai hivatkozást a felületen ötletforrásként címkézzük.;;;"SIMONE_BABY: Pedagógiai/kereskedelmi ötletforrás | DIAMOND_EF: Kapcsolódó általános forrás; nem az adott játék hatásának igazolása"
A176;Kincses kosár első tárgyakkal;3-6 hó;Biztonsági pontosítás szükséges;"BIZTONSÁG; FORRÁS SZEREPE";"A figura, tüske, rúd, fedő, csengő vagy háztartási alkatrész mérete/rögzítése nincs pontosan megadva; a szájba vehető vagy leváló részt ki kell zárni, különösen kisgyermeknél. | A hivatkozás között kereskedelmi vagy pedagógiai ötletforrás van; ez nem igazolja az életkori besorolást és a kártyán leírt várható viselkedést. A fő oldalon ezt külön kell jelölni.";Pontosítva;A kereskedelmi/pedagógiai hivatkozást a felületen ötletforrásként címkézzük. | A hiányzó konkrét biztonsági feltételt a lépésekhez és külön figyelmeztetéshez adtuk.;"A kosárból hagyd ki a szivacsot és minden leváló vagy szájba illő részt; nagy, sérülésmentes tárgyakat használj.";;"SIMONE_BABY: Pedagógiai/kereskedelmi ötletforrás | GUIDED_PLAY_META: Kapcsolódó általános forrás; nem az adott játék hatásának igazolása"
A177;Egyszerű hangkosár;3-6 hó;Biztonsági pontosítás szükséges;"BIZTONSÁG; FORRÁS SZEREPE";"A figura, tüske, rúd, fedő, csengő vagy háztartási alkatrész mérete/rögzítése nincs pontosan megadva; a szájba vehető vagy leváló részt ki kell zárni, különösen kisgyermeknél. | A hivatkozás között kereskedelmi vagy pedagógiai ötletforrás van; ez nem igazolja az életkori besorolást és a kártyán leírt várható viselkedést. A fő oldalon ezt külön kell jelölni.";Pontosítva;A kereskedelmi/pedagógiai hivatkozást a felületen ötletforrásként címkézzük. | Az eredeti eszköz vagy leírás biztonságosabb változatra cserélődött. | Az eredeti eszközváltozat URL-jét eltávolítottuk, mert nem igazolná a javított változatot.;;;"SIMONE_BABY: Pedagógiai/kereskedelmi ötletforrás | A korábbi eszközváltozat közvetlen URL-jét eltávolítottuk; a felsorolt ID-k legfeljebb általános kontextust adnak."
A178;Biztonságos mászó- és visszatérő pont;6-9 hó;Biztonsági pontosítás szükséges;"BIZTONSÁG; FORRÁS SZEREPE";"Az akadálypálya magassága, a bútorok stabilitása és az esésveszély nincs eléggé meghatározva; a gyermek tényleges mozgáskészségéhez kell igazítani. | A hivatkozás között kereskedelmi vagy pedagógiai ötletforrás van; ez nem igazolja az életkori besorolást és a kártyán leírt várható viselkedést. A fő oldalon ezt külön kell jelölni.";Pontosítva;A kereskedelmi/pedagógiai hivatkozást a felületen ötletforrásként címkézzük. | A hiányzó konkrét biztonsági feltételt a lépésekhez és külön figyelmeztetéshez adtuk.;"Szabad padlófelület és alacsony, stabil akadály jöhet szóba; a gyermeket ne késztess mászásra.";;"SIMONE_BABY: Pedagógiai/kereskedelmi ötletforrás | PARENTING_META: Kapcsolódó általános forrás; nem az adott játék hatásának igazolása | MOVEMENT_META: Kapcsolódó általános forrás; nem az adott játék hatásának igazolása"
A179;Nyitás-zárás kosár;6-9 hó;Biztonsági pontosítás szükséges;"BIZTONSÁG; FORRÁS SZEREPE";"A figura, tüske, rúd, fedő, csengő vagy háztartási alkatrész mérete/rögzítése nincs pontosan megadva; a szájba vehető vagy leváló részt ki kell zárni, különösen kisgyermeknél. | A hivatkozás között kereskedelmi vagy pedagógiai ötletforrás van; ez nem igazolja az életkori besorolást és a kártyán leírt várható viselkedést. A fő oldalon ezt külön kell jelölni.";Pontosítva;A kereskedelmi/pedagógiai hivatkozást a felületen ötletforrásként címkézzük. | A hiányzó konkrét biztonsági feltételt a lépésekhez és külön figyelmeztetéshez adtuk.;"A tok/cipzár/patent része ne válhasson le; a tartó nagy, sértetlen és a gyermek számára könnyen nyitható legyen.";;"SIMONE_BABY: Pedagógiai/kereskedelmi ötletforrás | SIMONE_TODDLER: Pedagógiai/kereskedelmi ötletforrás | DIAMOND_EF: Kapcsolódó általános forrás; nem az adott játék hatásának igazolása"
A180;Nagy gyűrűk nézegetése;6-9 hó;Biztonsági pontosítás szükséges;"BIZTONSÁG; FORRÁS SZEREPE";"A figura, tüske, rúd, fedő, csengő vagy háztartási alkatrész mérete/rögzítése nincs pontosan megadva; a szájba vehető vagy leváló részt ki kell zárni, különösen kisgyermeknél. | A hivatkozás között kereskedelmi vagy pedagógiai ötletforrás van; ez nem igazolja az életkori besorolást és a kártyán leírt várható viselkedést. A fő oldalon ezt külön kell jelölni.";Pontosítva;A kereskedelmi/pedagógiai hivatkozást a felületen ötletforrásként címkézzük. | Az eredeti eszköz vagy leírás biztonságosabb változatra cserélődött. | Az eredeti eszközváltozat URL-jét eltávolítottuk, mert nem igazolná a javított változatot.;;;"SIMONE_BABY: Pedagógiai/kereskedelmi ötletforrás | SIMONE_TODDLER: Pedagógiai/kereskedelmi ötletforrás | A korábbi eszközváltozat közvetlen URL-jét eltávolítottuk; a felsorolt ID-k legfeljebb általános kontextust adnak."
A181;Labdás kosár mászáshoz;6-9 hó;Forráshivatkozás tisztázandó;FORRÁS SZEREPE;"A hivatkozás között kereskedelmi vagy pedagógiai ötletforrás van; ez nem igazolja az életkori besorolást és a kártyán leírt várható viselkedést. A fő oldalon ezt külön kell jelölni.";Pontosítva;A kereskedelmi/pedagógiai hivatkozást a felületen ötletforrásként címkézzük.;;;"SIMONE_BABY: Pedagógiai/kereskedelmi ötletforrás | MOVEMENT_META: Kapcsolódó általános forrás; nem az adott játék hatásának igazolása"
A182;Weaning asztal: saját törlőrongy;6-9 hó;Forráshivatkozás tisztázandó;FORRÁS SZEREPE;"A hivatkozás között kereskedelmi vagy pedagógiai ötletforrás van; ez nem igazolja az életkori besorolást és a kártyán leírt várható viselkedést. A fő oldalon ezt külön kell jelölni.";Pontosítva;A kereskedelmi/pedagógiai hivatkozást a felületen ötletforrásként címkézzük.;;;SIMONE_BABY: Pedagógiai/kereskedelmi ötletforrás
A183;Nagy labda megtalálása dobozban;9-12 hó;Biztonsági pontosítás szükséges;"BIZTONSÁG; FOGALOM; FORRÁS SZEREPE";"A figura, tüske, rúd, fedő, csengő vagy háztartási alkatrész mérete/rögzítése nincs pontosan megadva; a szájba vehető vagy leváló részt ki kell zárni, különösen kisgyermeknél. | A „tárgyállandóság” cím/értelmezés túl nagy következtetést sugall egyetlen tárgykereső vagy dobozos játékból; írjuk le a konkrét megfigyelést. | A hivatkozás között kereskedelmi vagy pedagógiai ötletforrás van; ez nem igazolja az életkori besorolást és a kártyán leírt várható viselkedést. A fő oldalon ezt külön kell jelölni.";Pontosítva;Az egyetlen játékból levont „tárgyállandóság” következtetést elhagytuk. | A kereskedelmi/pedagógiai hivatkozást a felületen ötletforrásként címkézzük. | A hiányzó konkrét biztonsági feltételt a lépésekhez és külön figyelmeztetéshez adtuk.;A labda nagy, nem lenyelhető legyen, a doboz és fiók ne csíphesse az ujjat és ne tartalmazzon leváló részt.;;SIMONE_BABY: Pedagógiai/kereskedelmi ötletforrás | SIMONE_TODDLER: Pedagógiai/kereskedelmi ötletforrás
A184;Fa tojás és tojástartó;9-12 hó;Biztonsági pontosítás szükséges;"BIZTONSÁG; FORRÁS SZEREPE";"A figura, tüske, rúd, fedő, csengő vagy háztartási alkatrész mérete/rögzítése nincs pontosan megadva; a szájba vehető vagy leváló részt ki kell zárni, különösen kisgyermeknél. | A hivatkozás között kereskedelmi vagy pedagógiai ötletforrás van; ez nem igazolja az életkori besorolást és a kártyán leírt várható viselkedést. A fő oldalon ezt külön kell jelölni.";Pontosítva;A kereskedelmi/pedagógiai hivatkozást a felületen ötletforrásként címkézzük. | A hiányzó konkrét biztonsági feltételt a lépésekhez és külön figyelmeztetéshez adtuk.;"A fa tojás méretét és az egyben maradó tojástartót ellenőrizd; valódi tojás és apró fa darab nem kell.";;SIMONE_BABY: Pedagógiai/kereskedelmi ötletforrás
A185;Biztonságos lejutás segítése;9-12 hó;Biztonsági pontosítás szükséges;"BIZTONSÁG; FORRÁS SZEREPE";"Lépcsőről/kanapéról lemászás tanítása esésveszéllyel jár; a „ne kapd fel automatikusan” megfogalmazás félreérthető. Felnőtt karnyújtásnyira biztosítson. | A hivatkozás között kereskedelmi vagy pedagógiai ötletforrás van; ez nem igazolja az életkori besorolást és a kártyán leírt várható viselkedést. A fő oldalon ezt külön kell jelölni.";Pontosítva;A kereskedelmi/pedagógiai hivatkozást a felületen ötletforrásként címkézzük. | Az eredeti eszköz vagy leírás biztonságosabb változatra cserélődött. | Az eredeti eszközváltozat URL-jét eltávolítottuk, mert nem igazolná a javított változatot.;;;"SIMONE_BABY: Pedagógiai/kereskedelmi ötletforrás | MOVEMENT_META: Kapcsolódó általános forrás; nem az adott játék hatásának igazolása | A korábbi eszközváltozat közvetlen URL-jét eltávolítottuk; a felsorolt ID-k legfeljebb általános kontextust adnak."
A186;Első állathang-könyv valós képekkel;9-12 hó;Forráshivatkozás tisztázandó;FORRÁS SZEREPE;"A hivatkozás között kereskedelmi vagy pedagógiai ötletforrás van; ez nem igazolja az életkori besorolást és a kártyán leírt várható viselkedést. A fő oldalon ezt külön kell jelölni.";Pontosítva;A kereskedelmi/pedagógiai hivatkozást a felületen ötletforrásként címkézzük.;;;"SIMONE_BABY: Pedagógiai/kereskedelmi ötletforrás | BOOK_READING_META: Kapcsolódó általános forrás; nem az adott játék hatásának igazolása"
A187;Kis hordozókosár járás után;9-12 hó;Forráshivatkozás tisztázandó;FORRÁS SZEREPE;"A hivatkozás között kereskedelmi vagy pedagógiai ötletforrás van; ez nem igazolja az életkori besorolást és a kártyán leírt várható viselkedést. A fő oldalon ezt külön kell jelölni.";Pontosítva;A kereskedelmi/pedagógiai hivatkozást a felületen ötletforrásként címkézzük.;;;SIMONE_BABY: Pedagógiai/kereskedelmi ötletforrás
A188;Orrfújó és arcmosó self-care kosár;12-18 hó;Forráshivatkozás tisztázandó;FORRÁS SZEREPE;"A hivatkozás között kereskedelmi vagy pedagógiai ötletforrás van; ez nem igazolja az életkori besorolást és a kártyán leírt várható viselkedést. A fő oldalon ezt külön kell jelölni.";Pontosítva;A kereskedelmi/pedagógiai hivatkozást a felületen ötletforrásként címkézzük.;;;SIMONE_TODDLER: Pedagógiai/kereskedelmi ötletforrás | SIMONE_BABY: Pedagógiai/kereskedelmi ötletforrás
A189;Kézmosás képes sorrenddel;12-18 hó;Biztonsági pontosítás szükséges;"BIZTONSÁG; FORRÁS SZEREPE";"Mosdó fellépő szerepel; csúszás, borulás és forró víz elleni óvintézkedést hozzá kell írni. | A hivatkozás között kereskedelmi vagy pedagógiai ötletforrás van; ez nem igazolja az életkori besorolást és a kártyán leírt várható viselkedést. A fő oldalon ezt külön kell jelölni.";Pontosítva;A kereskedelmi/pedagógiai hivatkozást a felületen ötletforrásként címkézzük. | A hiányzó konkrét biztonsági feltételt a lépésekhez és külön figyelmeztetéshez adtuk.;"A fellépő stabil, csúszásmentes legyen; a felnőtt ellenőrizze, hogy ne legyen forró a víz.";;SIMONE_TODDLER: Pedagógiai/kereskedelmi ötletforrás | SIMONE_CHILD: Pedagógiai/kereskedelmi ötletforrás
A190;Választott két snack előkészítése;12-18 hó;Biztonsági pontosítás szükséges;"BIZTONSÁG; FORRÁS SZEREPE";"Az alma és a kis kés előkészítéséhez életkornak megfelelő vágás/fulladásmegelőzés és a felnőtt által végzett késes lépés szükséges. | A hivatkozás között kereskedelmi vagy pedagógiai ötletforrás van; ez nem igazolja az életkori besorolást és a kártyán leírt várható viselkedést. A fő oldalon ezt külön kell jelölni.";Pontosítva;A kereskedelmi/pedagógiai hivatkozást a felületen ötletforrásként címkézzük. | Az eredeti eszköz vagy leírás biztonságosabb változatra cserélődött. | Az eredeti eszközváltozat URL-jét eltávolítottuk, mert nem igazolná a javított változatot.;;;"SIMONE_TODDLER: Pedagógiai/kereskedelmi ötletforrás | SELF_DETERMINATION: Kapcsolódó általános forrás; nem az adott játék hatásának igazolása | A korábbi eszközváltozat közvetlen URL-jét eltávolítottuk; a felsorolt ID-k legfeljebb általános kontextust adnak."
A191;Nagy tárgyak párosítása képpel;12-18 hó;Forráshivatkozás tisztázandó;FORRÁS SZEREPE;"A hivatkozás között kereskedelmi vagy pedagógiai ötletforrás van; ez nem igazolja az életkori besorolást és a kártyán leírt várható viselkedést. A fő oldalon ezt külön kell jelölni.";Pontosítva;A kereskedelmi/pedagógiai hivatkozást a felületen ötletforrásként címkézzük.;;;"SIMONE_TODDLER: Pedagógiai/kereskedelmi ötletforrás | BOOK_READING_META: Kapcsolódó általános forrás; nem az adott játék hatásának igazolása"
A192;Vizes ecsetes teraszfestés;12-18 hó;Biztonsági pontosítás szükséges;"BIZTONSÁG; FORRÁS SZEREPE";"Víz szerepel a játékban: az eredeti lépések nem írják le elég konkrétan a folyamatos, közeli felügyeletet és a víz azonnali kiürítését. A vizes játék opcionális. | A hivatkozás között kereskedelmi vagy pedagógiai ötletforrás van; ez nem igazolja az életkori besorolást és a kártyán leírt várható viselkedést. A fő oldalon ezt külön kell jelölni.";Pontosítva;A kereskedelmi/pedagógiai hivatkozást a felületen ötletforrásként címkézzük. | A hiányzó konkrét biztonsági feltételt a lépésekhez és külön figyelmeztetéshez adtuk.;"A vödörben csak kevés víz legyen, felnőtt folyamatos közeli felügyeletével; játék után azonnal ürítsd ki.";;SIMONE_TODDLER: Pedagógiai/kereskedelmi ötletforrás
A193;Kinti növények megfigyelése;12-18 hó;Biztonsági pontosítás szükséges;"BIZTONSÁG; FORRÁS SZEREPE";"Természetes tárgyak között kavics, termés, levél vagy más szájba kerülő/irritáló darab lehet; a tárgyválasztást, a szájba vételt és a tisztaságot külön ellenőrizni kell. | A hivatkozás között kereskedelmi vagy pedagógiai ötletforrás van; ez nem igazolja az életkori besorolást és a kártyán leírt várható viselkedést. A fő oldalon ezt külön kell jelölni.";Pontosítva;A kereskedelmi/pedagógiai hivatkozást a felületen ötletforrásként címkézzük. | Az eredeti eszköz vagy leírás biztonságosabb változatra cserélődött. | Az eredeti eszközváltozat URL-jét eltávolítottuk, mert nem igazolná a javított változatot.;;;"SIMONE_TODDLER: Pedagógiai/kereskedelmi ötletforrás | MOVEMENT_META: Kapcsolódó általános forrás; nem az adott játék hatásának igazolása | A korábbi eszközváltozat közvetlen URL-jét eltávolítottuk; a felsorolt ID-k legfeljebb általános kontextust adnak."
A194;Nagy záródások felfedezése;18-24 hó;Biztonsági pontosítás szükséges;"BIZTONSÁG; FORRÁS SZEREPE";"A golyó, kupak, pompon, dugó, pálcika vagy kis tartozék mérete nincs megadva; a szájba vehető/leváló részek veszélye miatt életkornak megfelelő, egyben maradó eszközt kell választani. | A hivatkozás között kereskedelmi vagy pedagógiai ötletforrás van; ez nem igazolja az életkori besorolást és a kártyán leírt várható viselkedést. A fő oldalon ezt külön kell jelölni.";Pontosítva;A kereskedelmi/pedagógiai hivatkozást a felületen ötletforrásként címkézzük. | Az eredeti eszköz vagy leírás biztonságosabb változatra cserélődött. | Az eredeti eszközváltozat URL-jét eltávolítottuk, mert nem igazolná a javított változatot.;;;"SIMONE_TODDLER: Pedagógiai/kereskedelmi ötletforrás | A korábbi eszközváltozat közvetlen URL-jét eltávolítottuk; a felsorolt ID-k legfeljebb általános kontextust adnak."
A195;Egyszerű csavar és anya nagy méretben;18-24 hó;Biztonsági pontosítás szükséges;"BIZTONSÁG; FORRÁS SZEREPE";"A golyó, kupak, pompon, dugó, pálcika vagy kis tartozék mérete nincs megadva; a szájba vehető/leváló részek veszélye miatt életkornak megfelelő, egyben maradó eszközt kell választani. | A hivatkozás között kereskedelmi vagy pedagógiai ötletforrás van; ez nem igazolja az életkori besorolást és a kártyán leírt várható viselkedést. A fő oldalon ezt külön kell jelölni.";Pontosítva;A kereskedelmi/pedagógiai hivatkozást a felületen ötletforrásként címkézzük. | A hiányzó konkrét biztonsági feltételt a lépésekhez és külön figyelmeztetéshez adtuk.;"Csak életkornak megfelelő, egyben maradó, nem lenyelhető méretű csavar-anya játékot használj; valódi szerelvény nem megfelelő.";;SIMONE_TODDLER: Pedagógiai/kereskedelmi ötletforrás
A196;Mini virágrendezés;18-24 hó;Biztonsági pontosítás szükséges;"BIZTONSÁG; FORRÁS SZEREPE";"Víz szerepel a játékban: az eredeti lépések nem írják le elég konkrétan a folyamatos, közeli felügyeletet és a víz azonnali kiürítését. A vizes játék opcionális. | A hivatkozás között kereskedelmi vagy pedagógiai ötletforrás van; ez nem igazolja az életkori besorolást és a kártyán leírt várható viselkedést. A fő oldalon ezt külön kell jelölni.";Pontosítva;A kereskedelmi/pedagógiai hivatkozást a felületen ötletforrásként címkézzük. | A hiányzó konkrét biztonsági feltételt a lépésekhez és külön figyelmeztetéshez adtuk.;"Nem törékeny edény és nem mérgező virág szükséges; a felnőtt közvetlenül figyel a kevés víz mellett, utána ürít.";;"SIMONE_TODDLER: Pedagógiai/kereskedelmi ötletforrás | MONTESSORI_METHOD: Kapcsolódó általános forrás; nem az adott játék hatásának igazolása"
A197;Egyesével tálalás családi étkezésnél;18-24 hó;Forráshivatkozás tisztázandó;FORRÁS SZEREPE;"A hivatkozás között kereskedelmi vagy pedagógiai ötletforrás van; ez nem igazolja az életkori besorolást és a kártyán leírt várható viselkedést. A fő oldalon ezt külön kell jelölni.";Pontosítva;A kereskedelmi/pedagógiai hivatkozást a felületen ötletforrásként címkézzük.;;;"SIMONE_TODDLER: Pedagógiai/kereskedelmi ötletforrás | HOME_MATH: Kapcsolódó általános forrás; nem az adott játék hatásának igazolása"
A198;Megszakítás kéz a vállon jellel;18-24 hó;Tartalmi pontosítás szükséges;"KAPCSOLAT ÉS ELVÁRÁS; FORRÁS SZEREPE";"A szöveg könnyen szabállyá vagy viselkedési próbává válhat (érzelem megnevezése, várakozás, önjavítás, csendes idő, jóvátétel). A felnőtt rugalmas válaszát és a gyermek jogát a segítséghez pontosítani kell. | A hivatkozás között kereskedelmi vagy pedagógiai ötletforrás van; ez nem igazolja az életkori besorolást és a kártyán leírt várható viselkedést. A fő oldalon ezt külön kell jelölni.";Pontosítva;A kapcsolatot teljesítménnyé tevő megfogalmazásokat rugalmas felnőtt válaszra cseréltük. | A várakozást nem tettük kötelező szabállyá. | A kereskedelmi/pedagógiai hivatkozást a felületen ötletforrásként címkézzük.;;;"SIMONE_TODDLER: Pedagógiai/kereskedelmi ötletforrás | DIAMOND_EF: Kapcsolódó általános forrás; nem az adott játék hatásának igazolása"
A199;Érzelmek fordítója: látom, csalódott vagy;18-24 hó;Tartalmi pontosítás szükséges;"KAPCSOLAT ÉS ELVÁRÁS; FORRÁS SZEREPE";"A szöveg könnyen szabállyá vagy viselkedési próbává válhat (érzelem megnevezése, várakozás, önjavítás, csendes idő, jóvátétel). A felnőtt rugalmas válaszát és a gyermek jogát a segítséghez pontosítani kell. | A hivatkozás között kereskedelmi vagy pedagógiai ötletforrás van; ez nem igazolja az életkori besorolást és a kártyán leírt várható viselkedést. A fő oldalon ezt külön kell jelölni.";Pontosítva;A kapcsolatot teljesítménnyé tevő megfogalmazásokat rugalmas felnőtt válaszra cseréltük. | Az érzelem címkézése feltételes lett. | A kereskedelmi/pedagógiai hivatkozást a felületen ötletforrásként címkézzük.;;;"SIMONE_TODDLER: Pedagógiai/kereskedelmi ötletforrás | PARENTING_META: Kapcsolódó általános forrás; nem az adott játék hatásának igazolása"
A200;Lassú séta: repedések, levelek, csigák;18-24 hó;Forráshivatkozás tisztázandó;FORRÁS SZEREPE;"A hivatkozás között kereskedelmi vagy pedagógiai ötletforrás van; ez nem igazolja az életkori besorolást és a kártyán leírt várható viselkedést. A fő oldalon ezt külön kell jelölni.";Pontosítva;A kereskedelmi/pedagógiai hivatkozást a felületen ötletforrásként címkézzük.;;;SIMONE_TODDLER: Pedagógiai/kereskedelmi ötletforrás
A201;Kétlépéses kabátfelvétel;2-3 év;Forráshivatkozás tisztázandó;FORRÁS SZEREPE;"A hivatkozás között kereskedelmi vagy pedagógiai ötletforrás van; ez nem igazolja az életkori besorolást és a kártyán leírt várható viselkedést. A fő oldalon ezt külön kell jelölni.";Pontosítva;A kereskedelmi/pedagógiai hivatkozást a felületen ötletforrásként címkézzük.;;;SIMONE_CHILD: Pedagógiai/kereskedelmi ötletforrás | SIMONE_TODDLER: Pedagógiai/kereskedelmi ötletforrás
A202;Kis állomás: cipő és táska helye;2-3 év;Forráshivatkozás tisztázandó;FORRÁS SZEREPE;"A hivatkozás között kereskedelmi vagy pedagógiai ötletforrás van; ez nem igazolja az életkori besorolást és a kártyán leírt várható viselkedést. A fő oldalon ezt külön kell jelölni.";Pontosítva;A kereskedelmi/pedagógiai hivatkozást a felületen ötletforrásként címkézzük.;;;"SIMONE_TODDLER: Pedagógiai/kereskedelmi ötletforrás | SIMONE_CHILD: Pedagógiai/kereskedelmi ötletforrás | DIAMOND_EF: Kapcsolódó általános forrás; nem az adott játék hatásának igazolása"
A203;Válogatás érdeklődés szerint: jármű/állat/étel;2-3 év;Forráshivatkozás tisztázandó;FORRÁS SZEREPE;"A hivatkozás között kereskedelmi vagy pedagógiai ötletforrás van; ez nem igazolja az életkori besorolást és a kártyán leírt várható viselkedést. A fő oldalon ezt külön kell jelölni.";Pontosítva;A kereskedelmi/pedagógiai hivatkozást a felületen ötletforrásként címkézzük.;;;"SIMONE_TODDLER: Pedagógiai/kereskedelmi ötletforrás | SIMONE_CHILD: Pedagógiai/kereskedelmi ötletforrás | HOME_MATH: Kapcsolódó általános forrás; nem az adott játék hatásának igazolása"
A204;Saját víz töltése kis kancsóból;2-3 év;Biztonsági pontosítás szükséges;"BIZTONSÁG; FORRÁS SZEREPE";"Víz szerepel a játékban: az eredeti lépések nem írják le elég konkrétan a folyamatos, közeli felügyeletet és a víz azonnali kiürítését. A vizes játék opcionális. | A hivatkozás között kereskedelmi vagy pedagógiai ötletforrás van; ez nem igazolja az életkori besorolást és a kártyán leírt várható viselkedést. A fő oldalon ezt külön kell jelölni.";Pontosítva;A kereskedelmi/pedagógiai hivatkozást a felületen ötletforrásként címkézzük. | A hiányzó konkrét biztonsági feltételt a lépésekhez és külön figyelmeztetéshez adtuk.;"Kevés vizet tölts stabil, nem törékeny edénybe; a felnőtt végig közel marad és a kiömlött vizet feltörli.";;"SIMONE_TODDLER: Pedagógiai/kereskedelmi ötletforrás | MONTESSORI_METHOD: Kapcsolódó általános forrás; nem az adott játék hatásának igazolása"
A205;Megjavítás: visszaadom és jóváteszem;2-3 év;Tartalmi pontosítás szükséges;"KAPCSOLAT ÉS ELVÁRÁS; FORRÁS SZEREPE";"A szöveg könnyen szabállyá vagy viselkedési próbává válhat (érzelem megnevezése, várakozás, önjavítás, csendes idő, jóvátétel). A felnőtt rugalmas válaszát és a gyermek jogát a segítséghez pontosítani kell. | A hivatkozás között kereskedelmi vagy pedagógiai ötletforrás van; ez nem igazolja az életkori besorolást és a kártyán leírt várható viselkedést. A fő oldalon ezt külön kell jelölni.";Pontosítva;A kapcsolatot teljesítménnyé tevő megfogalmazásokat rugalmas felnőtt válaszra cseréltük. | A kereskedelmi/pedagógiai hivatkozást a felületen ötletforrásként címkézzük.;;;"SIMONE_CHILD: Pedagógiai/kereskedelmi ötletforrás | SIMONE_TODDLER: Pedagógiai/kereskedelmi ötletforrás | PARENTING_META: Kapcsolódó általános forrás; nem az adott játék hatásának igazolása"
A206;Segítségkérés elfogadható mondattal;2-3 év;Tartalmi pontosítás szükséges;"KAPCSOLAT ÉS ELVÁRÁS; FORRÁS SZEREPE";"A szöveg könnyen szabállyá vagy viselkedési próbává válhat (érzelem megnevezése, várakozás, önjavítás, csendes idő, jóvátétel). A felnőtt rugalmas válaszát és a gyermek jogát a segítséghez pontosítani kell. | A hivatkozás között kereskedelmi vagy pedagógiai ötletforrás van; ez nem igazolja az életkori besorolást és a kártyán leírt várható viselkedést. A fő oldalon ezt külön kell jelölni.";Pontosítva;A kapcsolatot teljesítménnyé tevő megfogalmazásokat rugalmas felnőtt válaszra cseréltük. | A kereskedelmi/pedagógiai hivatkozást a felületen ötletforrásként címkézzük.;;;SIMONE_CHILD: Pedagógiai/kereskedelmi ötletforrás | SIMONE_TODDLER: Pedagógiai/kereskedelmi ötletforrás
A207;Családi beszélgetőkör vacsoránál;3-4 év;Forráshivatkozás tisztázandó;FORRÁS SZEREPE;"A hivatkozás között kereskedelmi vagy pedagógiai ötletforrás van; ez nem igazolja az életkori besorolást és a kártyán leírt várható viselkedést. A fő oldalon ezt külön kell jelölni.";Pontosítva;A kereskedelmi/pedagógiai hivatkozást a felületen ötletforrásként címkézzük.;;;SIMONE_CHILD: Pedagógiai/kereskedelmi ötletforrás
A208;Családi házimunka-választó két opcióval;3-4 év;Forráshivatkozás tisztázandó;FORRÁS SZEREPE;"A hivatkozás között kereskedelmi vagy pedagógiai ötletforrás van; ez nem igazolja az életkori besorolást és a kártyán leírt várható viselkedést. A fő oldalon ezt külön kell jelölni.";Pontosítva;A kereskedelmi/pedagógiai hivatkozást a felületen ötletforrásként címkézzük.;;;"SIMONE_CHILD: Pedagógiai/kereskedelmi ötletforrás | SELF_DETERMINATION: Kapcsolódó általános forrás; nem az adott játék hatásának igazolása"
A209;Érdeklődésből projektpolc;3-4 év;Tartalmi pontosítás szükséges;"SZÜLŐI TEHER; FORRÁS SZEREPE";"Külön projektpolc előkészítését javasolja; egy beszélgetés vagy kölcsönzött könyv is elegendő, a projektpolc opcionális. | A hivatkozás között kereskedelmi vagy pedagógiai ötletforrás van; ez nem igazolja az életkori besorolást és a kártyán leírt várható viselkedést. A fő oldalon ezt külön kell jelölni.";Pontosítva;A külön előkészítés opcionális változat lett. | A kereskedelmi/pedagógiai hivatkozást a felületen ötletforrásként címkézzük.;;;"SIMONE_CHILD: Pedagógiai/kereskedelmi ötletforrás | GUIDED_PLAY_META: Kapcsolódó általános forrás; nem az adott játék hatásának igazolása"
A210;Napirend nagy blokkokkal;3-4 év;Forráshivatkozás tisztázandó;FORRÁS SZEREPE;"A hivatkozás között kereskedelmi vagy pedagógiai ötletforrás van; ez nem igazolja az életkori besorolást és a kártyán leírt várható viselkedést. A fő oldalon ezt külön kell jelölni.";Pontosítva;A kereskedelmi/pedagógiai hivatkozást a felületen ötletforrásként címkézzük.;;;"SIMONE_CHILD: Pedagógiai/kereskedelmi ötletforrás | SIMONE_TODDLER: Pedagógiai/kereskedelmi ötletforrás | DIAMOND_EF: Kapcsolódó általános forrás; nem az adott játék hatásának igazolása"
A211;Problémamegoldó rajz: mi legyen most?;3-4 év;Tartalmi pontosítás szükséges;"KAPCSOLAT ÉS ELVÁRÁS; FORRÁS SZEREPE";"A szöveg könnyen szabállyá vagy viselkedési próbává válhat (érzelem megnevezése, várakozás, önjavítás, csendes idő, jóvátétel). A felnőtt rugalmas válaszát és a gyermek jogát a segítséghez pontosítani kell. | A hivatkozás között kereskedelmi vagy pedagógiai ötletforrás van; ez nem igazolja az életkori besorolást és a kártyán leírt várható viselkedést. A fő oldalon ezt külön kell jelölni.";Pontosítva;A kapcsolatot teljesítménnyé tevő megfogalmazásokat rugalmas felnőtt válaszra cseréltük. | A kereskedelmi/pedagógiai hivatkozást a felületen ötletforrásként címkézzük.;;;"SIMONE_CHILD: Pedagógiai/kereskedelmi ötletforrás | DIAMOND_EF: Kapcsolódó általános forrás; nem az adott játék hatásának igazolása"
A212;Szezonális ritmusasztal egyszerűen;3-4 év;Biztonsági pontosítás szükséges;"BIZTONSÁG; FORRÁS SZEREPE";"Természetes tárgyak között kavics, termés, levél vagy más szájba kerülő/irritáló darab lehet; a tárgyválasztást, a szájba vételt és a tisztaságot külön ellenőrizni kell. | A hivatkozás között kereskedelmi vagy pedagógiai ötletforrás van; ez nem igazolja az életkori besorolást és a kártyán leírt várható viselkedést. A fő oldalon ezt külön kell jelölni.";Pontosítva;A kereskedelmi/pedagógiai hivatkozást a felületen ötletforrásként címkézzük. | A hiányzó konkrét biztonsági feltételt a lépésekhez és külön figyelmeztetéshez adtuk.;"Gesztenye, kavics és apró termés helyett nagy levelek vagy képek legyenek; kisebb testvér hozzáférését is vedd figyelembe.";;SIMONE_CHILD: Pedagógiai/kereskedelmi ötletforrás | SIMONE_TODDLER: Pedagógiai/kereskedelmi ötletforrás
A213;Kis pénzbeszélgetés boltban;4-5 év;Biztonsági pontosítás szükséges;"BIZTONSÁG; FORRÁS SZEREPE";"Aprópénz és bankkártya megfigyelése szerepel; valódi érmét ne adjunk kézbe kisebb testvér jelenlétében, az eszközök ne maradjanak elérhetők. | A hivatkozás között kereskedelmi vagy pedagógiai ötletforrás van; ez nem igazolja az életkori besorolást és a kártyán leírt várható viselkedést. A fő oldalon ezt külön kell jelölni.";Pontosítva;A kereskedelmi/pedagógiai hivatkozást a felületen ötletforrásként címkézzük. | A hiányzó konkrét biztonsági feltételt a lépésekhez és külön figyelmeztetéshez adtuk.;"Érmét és bankkártyát ne adj játéknak; megfigyelés közben az apró pénz és a kártya maradjon felnőttnél.";;"SIMONE_CHILD: Pedagógiai/kereskedelmi ötletforrás | HOME_MATH: Kapcsolódó általános forrás; nem az adott játék hatásának igazolása"
A214;Beszélgetés a testhatárokról;4-5 év;Tartalmi pontosítás szükséges;"KAPCSOLAT ÉS ELVÁRÁS; FORRÁS SZEREPE";"A testi autonómiáról szóló beszélgetés fontos, de a kártya nem tisztázza a felnőtt felelősségét és azt, hogy a gyermek reakciója nem teszt. A konkrét állításokhoz külön gyermekvédelmi forrás kell. | A hivatkozás között kereskedelmi vagy pedagógiai ötletforrás van; ez nem igazolja az életkori besorolást és a kártyán leírt várható viselkedést. A fő oldalon ezt külön kell jelölni.";Pontosítva;"A kapcsolatot teljesítménnyé tevő megfogalmazásokat rugalmas felnőtt válaszra cseréltük. | A megfigyelést kivettük a gyermek biztonságát tesztelő keretből; külön gyermekvédelmi forrásellenőrzés marad. | A kereskedelmi/pedagógiai hivatkozást a felületen ötletforrásként címkézzük. | AAP szülői útmutató alapján a felnőtt felelősségét és a nem tesztelő beszélgetést pontosítottuk.";;;"AAP szülői tájékoztató; a beszélgetés tartalmához útmutató, nem az egyedi kártya hatásossági vizsgálata."
A215;Könyvkészítés saját témából;4-5 év;Biztonsági pontosítás szükséges;"BIZTONSÁG; FORRÁS SZEREPE";"Tűzőgép és fonal szerepel; sérülés és hosszú zsinór miatt a kötést a felnőtt végezze. | A hivatkozás között kereskedelmi vagy pedagógiai ötletforrás van; ez nem igazolja az életkori besorolást és a kártyán leírt várható viselkedést. A fő oldalon ezt külön kell jelölni.";Pontosítva;A kereskedelmi/pedagógiai hivatkozást a felületen ötletforrásként címkézzük. | Az eredeti eszköz vagy leírás biztonságosabb változatra cserélődött. | Az eredeti eszközváltozat URL-jét eltávolítottuk, mert nem igazolná a javított változatot.;;;"SIMONE_CHILD: Pedagógiai/kereskedelmi ötletforrás | BOOK_READING_META: Kapcsolódó általános forrás; nem az adott játék hatásának igazolása | A korábbi eszközváltozat közvetlen URL-jét eltávolítottuk; a felsorolt ID-k legfeljebb általános kontextust adnak."
A216;Going out mini: könyvtári küldetés;4-5 év;Forráshivatkozás tisztázandó;FORRÁS SZEREPE;"A hivatkozás között kereskedelmi vagy pedagógiai ötletforrás van; ez nem igazolja az életkori besorolást és a kártyán leírt várható viselkedést. A fő oldalon ezt külön kell jelölni.";Pontosítva;A kereskedelmi/pedagógiai hivatkozást a felületen ötletforrásként címkézzük.;;;SIMONE_CHILD: Pedagógiai/kereskedelmi ötletforrás
A217;Közös családi szabályalkotás egy problémára;4-5 év;Tartalmi pontosítás szükséges;"KAPCSOLAT ÉS ELVÁRÁS; FORRÁS SZEREPE";"A szöveg könnyen szabállyá vagy viselkedési próbává válhat (érzelem megnevezése, várakozás, önjavítás, csendes idő, jóvátétel). A felnőtt rugalmas válaszát és a gyermek jogát a segítséghez pontosítani kell. | A hivatkozás között kereskedelmi vagy pedagógiai ötletforrás van; ez nem igazolja az életkori besorolást és a kártyán leírt várható viselkedést. A fő oldalon ezt külön kell jelölni.";Pontosítva;A kapcsolatot teljesítménnyé tevő megfogalmazásokat rugalmas felnőtt válaszra cseréltük. | A kereskedelmi/pedagógiai hivatkozást a felületen ötletforrásként címkézzük.;;;"SIMONE_CHILD: Pedagógiai/kereskedelmi ötletforrás | SELF_DETERMINATION: Kapcsolódó általános forrás; nem az adott játék hatásának igazolása"
A218;Csendes nagy munka-idő;4-5 év;Tartalmi pontosítás szükséges;"KAPCSOLAT ÉS ELVÁRÁS; FORRÁS SZEREPE";"A szöveg könnyen szabállyá vagy viselkedési próbává válhat (érzelem megnevezése, várakozás, önjavítás, csendes idő, jóvátétel). A felnőtt rugalmas válaszát és a gyermek jogát a segítséghez pontosítani kell. | A hivatkozás között kereskedelmi vagy pedagógiai ötletforrás van; ez nem igazolja az életkori besorolást és a kártyán leírt várható viselkedést. A fő oldalon ezt külön kell jelölni.";Pontosítva;A kapcsolatot teljesítménnyé tevő megfogalmazásokat rugalmas felnőtt válaszra cseréltük. | A kereskedelmi/pedagógiai hivatkozást a felületen ötletforrásként címkézzük.;;;"SIMONE_CHILD: Pedagógiai/kereskedelmi ötletforrás | LILLARD_BOOK: Kapcsolódó általános forrás; nem az adott játék hatásának igazolása | DIAMOND_EF: Kapcsolódó általános forrás; nem az adott játék hatásának igazolása"
A219;Nehéz kérdésekre válaszolni;5-6 év;Tartalmi pontosítás szükséges;"ÉRZÉKENY TÉMA; FORRÁS SZEREPE";"Halál, háború és klímaváltozás nem egyetlen általános beszélgetőkártya; az életkor, az aktuális helyzet és a gyermek kérdése határozza meg a beszélgetést. Trauma vagy intenzív szorongás esetén külön támogatás lehet szükséges. | A hivatkozás között kereskedelmi vagy pedagógiai ötletforrás van; ez nem igazolja az életkori besorolást és a kártyán leírt várható viselkedést. A fő oldalon ezt külön kell jelölni.";Pontosítva;A három különböző érzékeny témából nem lett automatikus beszélgetési feladat. | A kereskedelmi/pedagógiai hivatkozást a felületen ötletforrásként címkézzük.;;;"SIMONE_CHILD: Pedagógiai/kereskedelmi ötletforrás | PARENTING_META: Kapcsolódó általános forrás; nem az adott játék hatásának igazolása"
A220;Önálló kis kirándulás-terv szülővel;5-6 év;Tartalmi pontosítás szükséges;"SZÜLŐI TEHER; FORRÁS SZEREPE";"Az írásos terv/napló/kosár könnyen állandó szervezési feladattá válhat; a spontán beszélgetés és közös döntés ugyanúgy választható. | A hivatkozás között kereskedelmi vagy pedagógiai ötletforrás van; ez nem igazolja az életkori besorolást és a kártyán leírt várható viselkedést. A fő oldalon ezt külön kell jelölni.";Pontosítva;A külön előkészítés opcionális változat lett. | A kereskedelmi/pedagógiai hivatkozást a felületen ötletforrásként címkézzük.;;;"SIMONE_CHILD: Pedagógiai/kereskedelmi ötletforrás | DIAMOND_EF: Kapcsolódó általános forrás; nem az adott játék hatásának igazolása"
A221;Családi kultúra: recept és történet;5-6 év;Forráshivatkozás tisztázandó;FORRÁS SZEREPE;"A hivatkozás között kereskedelmi vagy pedagógiai ötletforrás van; ez nem igazolja az életkori besorolást és a kártyán leírt várható viselkedést. A fő oldalon ezt külön kell jelölni.";Pontosítva;A kereskedelmi/pedagógiai hivatkozást a felületen ötletforrásként címkézzük.;;;SIMONE_CHILD: Pedagógiai/kereskedelmi ötletforrás
A222;Döntésnapló két választásról;5-6 év;Tartalmi pontosítás szükséges;"KAPCSOLAT ÉS ELVÁRÁS; FORRÁS SZEREPE";"A szöveg könnyen szabállyá vagy viselkedési próbává válhat (érzelem megnevezése, várakozás, önjavítás, csendes idő, jóvátétel). A felnőtt rugalmas válaszát és a gyermek jogát a segítséghez pontosítani kell. | A hivatkozás között kereskedelmi vagy pedagógiai ötletforrás van; ez nem igazolja az életkori besorolást és a kártyán leírt várható viselkedést. A fő oldalon ezt külön kell jelölni.";Pontosítva;A kapcsolatot teljesítménnyé tevő megfogalmazásokat rugalmas felnőtt válaszra cseréltük. | A kereskedelmi/pedagógiai hivatkozást a felületen ötletforrásként címkézzük.;;;"SIMONE_CHILD: Pedagógiai/kereskedelmi ötletforrás | SELF_DRIVEN: Kapcsolódó általános forrás; nem az adott játék hatásának igazolása | SELF_DETERMINATION: Kapcsolódó általános forrás; nem az adott játék hatásának igazolása"
A223;Szabad játék után saját rendrakási stratégia;5-6 év;Forráshivatkozás tisztázandó;FORRÁS SZEREPE;"A hivatkozás között kereskedelmi vagy pedagógiai ötletforrás van; ez nem igazolja az életkori besorolást és a kártyán leírt várható viselkedést. A fő oldalon ezt külön kell jelölni.";Pontosítva;A kereskedelmi/pedagógiai hivatkozást a felületen ötletforrásként címkézzük.;;;"SIMONE_CHILD: Pedagógiai/kereskedelmi ötletforrás | DIAMOND_EF: Kapcsolódó általános forrás; nem az adott játék hatásának igazolása"
A224;Nagy kérdés kosár;5-6 év;Tartalmi pontosítás szükséges;"SZÜLŐI TEHER; FORRÁS SZEREPE";"Az írásos terv/napló/kosár könnyen állandó szervezési feladattá válhat; a spontán beszélgetés és közös döntés ugyanúgy választható. | A hivatkozás között kereskedelmi vagy pedagógiai ötletforrás van; ez nem igazolja az életkori besorolást és a kártyán leírt várható viselkedést. A fő oldalon ezt külön kell jelölni.";Pontosítva;A külön előkészítés opcionális változat lett. | A kereskedelmi/pedagógiai hivatkozást a felületen ötletforrásként címkézzük.;;;"SIMONE_CHILD: Pedagógiai/kereskedelmi ötletforrás | GUIDED_PLAY_META: Kapcsolódó általános forrás; nem az adott játék hatásának igazolása"
